Subject,SessionDate,SessionTimeUtc,sex,TransferEstimate,TransferByDictator,WTR.PracticeEst,WTR.PracticeFwd,WTR.RECIPIENT.AsDictator,WTR.RESPONDER.AsDictator,WTR.RECIPIENT.1000,WTR.RECIPIENT.1025,WTR.RECIPIENT.1050,WTR.RECIPIENT.1075,WTR.RECIPIENT.1100,WTR.RESPONDER.1000,WTR.RESPONDER.1025,WTR.RESPONDER.1050,WTR.RESPONDER.1075,WTR.RESPONDER.1100,PunishmentDecision.1000,PunishmentDecision.1025,PunishmentDecision.1050,PunishmentDecision.1075,PunishmentDecision.1100,FirstHypotheticalTransfer,TradeOff.1.PracticeEst,TradeOff.1.PracticeFwd,TradeOff.1.RECIPIENT.1000,TradeOff.1.RECIPIENT.1025,TradeOff.1.RECIPIENT.1050,TradeOff.1.RECIPIENT.1075,TradeOff.1.RECIPIENT.1100,TradeOff.1.RESPONDER.1000,TradeOff.1.RESPONDER.1025,TradeOff.1.RESPONDER.1050,TradeOff.1.RESPONDER.1075,TradeOff.1.RESPONDER.1100,TradeOff.2.PracticeEst,TradeOff.2.PracticeFwd,TradeOff.2.RECIPIENT.1000,TradeOff.2.RECIPIENT.1025,TradeOff.2.RECIPIENT.1050,TradeOff.2.RECIPIENT.1075,TradeOff.2.RECIPIENT.1100,TradeOff.2.RESPONDER.1000,TradeOff.2.RESPONDER.1025,TradeOff.2.RESPONDER.1050,TradeOff.2.RESPONDER.1075,TradeOff.2.RESPONDER.1100,TradeOff.3.PracticeEst,TradeOff.3.PracticeFwd,TradeOff.3.RECIPIENT.1000,TradeOff.3.RECIPIENT.1025,TradeOff.3.RECIPIENT.1050,TradeOff.3.RECIPIENT.1075,TradeOff.3.RECIPIENT.1100,TradeOff.3.RESPONDER.1000,TradeOff.3.RESPONDER.1025,TradeOff.3.RESPONDER.1050,TradeOff.3.RESPONDER.1075,TradeOff.3.RESPONDER.1100,TradeOff.4.PracticeEst,TradeOff.4.PracticeFwd,TradeOff.4.RECIPIENT.1000,TradeOff.4.RECIPIENT.1025,TradeOff.4.RECIPIENT.1050,TradeOff.4.RECIPIENT.1075,TradeOff.4.RECIPIENT.1100,TradeOff.4.RESPONDER.1000,TradeOff.4.RESPONDER.1025,TradeOff.4.RESPONDER.1050,TradeOff.4.RESPONDER.1075,TradeOff.4.RESPONDER.1100,TradeOff.5.PracticeEst,TradeOff.5.PracticeFwd,TradeOff.5.RECIPIENT.1000,TradeOff.5.RECIPIENT.1025,TradeOff.5.RECIPIENT.1050,TradeOff.5.RECIPIENT.1075,TradeOff.5.RECIPIENT.1100,TradeOff.5.RESPONDER.1000,TradeOff.5.RESPONDER.1025,TradeOff.5.RESPONDER.1050,TradeOff.5.RESPONDER.1075,TradeOff.5.RESPONDER.1100,TradeOff.6.PracticeEst,TradeOff.6.PracticeFwd,TradeOff.6.RECIPIENT.1000,TradeOff.6.RECIPIENT.1025,TradeOff.6.RECIPIENT.1050,TradeOff.6.RECIPIENT.1075,TradeOff.6.RECIPIENT.1100,TradeOff.6.RESPONDER.1000,TradeOff.6.RESPONDER.1025,TradeOff.6.RESPONDER.1050,TradeOff.6.RESPONDER.1075,TradeOff.6.RESPONDER.1100,TradeOff.7.PracticeEst,TradeOff.7.PracticeFwd,TradeOff.7.RECIPIENT.1000,TradeOff.7.RECIPIENT.1025,TradeOff.7.RECIPIENT.1050,TradeOff.7.RECIPIENT.1075,TradeOff.7.RECIPIENT.1100,TradeOff.7.RESPONDER.1000,TradeOff.7.RESPONDER.1025,TradeOff.7.RESPONDER.1050,TradeOff.7.RESPONDER.1075,TradeOff.7.RESPONDER.1100,TradeOff.8.PracticeEst,TradeOff.8.PracticeFwd,TradeOff.8.RECIPIENT.1000,TradeOff.8.RECIPIENT.1025,TradeOff.8.RECIPIENT.1050,TradeOff.8.RECIPIENT.1075,TradeOff.8.RECIPIENT.1100,TradeOff.8.RESPONDER.1000,TradeOff.8.RESPONDER.1025,TradeOff.8.RESPONDER.1050,TradeOff.8.RESPONDER.1075,TradeOff.8.RESPONDER.1100,TradeOff.9.PracticeEst,TradeOff.9.PracticeFwd,TradeOff.9.RECIPIENT.1000,TradeOff.9.RECIPIENT.1025,TradeOff.9.RECIPIENT.1050,TradeOff.9.RECIPIENT.1075,TradeOff.9.RECIPIENT.1100,TradeOff.9.RESPONDER.1000,TradeOff.9.RESPONDER.1025,TradeOff.9.RESPONDER.1050,TradeOff.9.RESPONDER.1075,TradeOff.9.RESPONDER.1100,TradeOff.10.PracticeEst,TradeOff.10.PracticeFwd,TradeOff.10.RECIPIENT.1000,TradeOff.10.RECIPIENT.1025,TradeOff.10.RECIPIENT.1050,TradeOff.10.RECIPIENT.1075,TradeOff.10.RECIPIENT.1100,TradeOff.10.RESPONDER.1000,TradeOff.10.RESPONDER.1025,TradeOff.10.RESPONDER.1050,TradeOff.10.RESPONDER.1075,TradeOff.10.RESPONDER.1100,TradeOff.11.PracticeEst,TradeOff.11.PracticeFwd,TradeOff.11.RECIPIENT.1000,TradeOff.11.RECIPIENT.1025,TradeOff.11.RECIPIENT.1050,TradeOff.11.RECIPIENT.1075,TradeOff.11.RECIPIENT.1100,TradeOff.11.RESPONDER.1000,TradeOff.11.RESPONDER.1025,TradeOff.11.RESPONDER.1050,TradeOff.11.RESPONDER.1075,TradeOff.11.RESPONDER.1100,TradeOff.12.PracticeEst,TradeOff.12.PracticeFwd,TradeOff.12.RECIPIENT.1000,TradeOff.12.RECIPIENT.1025,TradeOff.12.RECIPIENT.1050,TradeOff.12.RECIPIENT.1075,TradeOff.12.RECIPIENT.1100,TradeOff.12.RESPONDER.1000,TradeOff.12.RESPONDER.1025,TradeOff.12.RESPONDER.1050,TradeOff.12.RESPONDER.1075,TradeOff.12.RESPONDER.1100,TradeOff.1.RECIPIENT.AsDictator,TradeOff.1.RESPONDER.AsDictator,TradeOff.2.RECIPIENT.AsDictator,TradeOff.2.RESPONDER.AsDictator,TradeOff.3.RECIPIENT.AsDictator,TradeOff.3.RESPONDER.AsDictator,TradeOff.4.RECIPIENT.AsDictator,TradeOff.4.RESPONDER.AsDictator,TradeOff.5.RECIPIENT.AsDictator,TradeOff.5.RESPONDER.AsDictator,TradeOff.6.RECIPIENT.AsDictator,TradeOff.6.RESPONDER.AsDictator,TradeOff.7.RECIPIENT.AsDictator,TradeOff.7.RESPONDER.AsDictator,TradeOff.8.RECIPIENT.AsDictator,TradeOff.8.RESPONDER.AsDictator,TradeOff.9.RECIPIENT.AsDictator,TradeOff.9.RESPONDER.AsDictator,TradeOff.10.RECIPIENT.AsDictator,TradeOff.10.RESPONDER.AsDictator,TradeOff.11.RECIPIENT.AsDictator,TradeOff.11.RESPONDER.AsDictator,TradeOff.12.RECIPIENT.AsDictator,TradeOff.12.RESPONDER.AsDictator
1,07-03-2012,8:13:05 PM,0,2.5,2.5,0.425,0.375,0.325,0.375,0.025,0.375,0.325,0.375,0.375,0.025,0.375,0.375,0.325,0.375,5,3,0,0,5,10,1,1,1,1,1,1,1,1,1,1,1,1,1,1,1,1,1,1,1,1,1,1,1,1,1,1,1,1,1,1,1,1,1,1,1,1,1,1,1,1,1,1,1,1,1,1,1,1,2,1,1,1,1,1,1,1,1,1,1,1,2,2,1,2,1,2,2,1,2,2,1,2,2,2,1,2,2,2,2,1,2,2,2,2,2,2,1,2,2,2,2,1,2,2,2,2,2,2,1,2,2,2,2,1,2,2,2,2,2,2,1,2,2,2,2,1,2,2,2,2,2,2,1,2,2,2,2,1,2,2,2,2,2,2,1,2,2,2,2,1,2,2,2,2,1,1,1,1,1,1,1,1,1,1,1,2,2,2,2,2,2,2,2,2,2,2,2,2
2,07-03-2012,8:13:07 PM,0,2.5,0,0.275,0.225,0.025,0.025,0.325,0.75,0.375,0.475,0.475,0.125,0.75,0.65,0.55,0.55,2,2,0,0,0,0,1,1,2,2,2,2,1,1,2,1,1,1,1,1,1,2,2,1,1,1,2,2,1,1,2,1,2,2,1,1,1,1,2,2,2,2,1,1,1,2,1,2,2,2,2,2,2,2,2,1,1,2,1,2,2,1,2,1,2,1,1,1,1,2,2,2,2,2,2,2,2,2,1,1,2,2,2,2,2,1,2,2,2,2,2,1,2,2,1,2,2,1,2,2,2,2,2,2,2,2,2,2,2,1,2,2,2,2,2,2,1,2,1,2,2,2,2,2,2,2,1,1,1,2,2,2,2,1,2,2,2,2,2,2,2,2,2,2,2,2,2,2,2,2,1,1,1,1,1,1,1,1,1,1,1,1,1,1,1,1,1,1,1,1,1,1,1,1
3,07-03-2012,8:13:07 PM,0,5,5,0.75,0.65,0.5625,0.475,0.75,0.75,0.75,0.65,0.75,0.75,0.75,0.75,0.75,0.75,2,3,3,3,2,10,2,1,2,2,2,1,2,2,2,2,2,2,2,2,2,2,2,2,2,2,2,2,2,2,2,2,2,2,2,2,2,2,2,2,2,2,2,2,2,2,2,2,2,2,2,2,2,2,2,2,2,2,2,2,2,2,2,2,1,2,2,2,2,2,2,2,2,2,2,2,2,2,2,2,2,2,2,2,2,1,2,2,2,2,2,2,2,2,2,2,2,2,2,2,2,2,2,2,2,2,2,2,2,2,2,2,2,2,2,2,2,2,2,2,2,2,2,2,2,2,2,2,2,2,2,2,2,2,2,2,2,2,2,2,2,2,2,2,2,2,2,2,2,2,1,1,2,1,1,1,2,2,2,2,2,2,2,2,2,2,2,2,2,2,2,2,2,2
4,07-03-2012,8:13:09 PM,0,2.5,5,0.225,0.225,0.125,0.175,0.025,0.125,0.125,0.025,0.025,0.025,0.175,0.175,0.025,0.025,4,3,2,0,0,0,1,1,1,1,1,1,1,1,1,1,1,1,1,1,1,1,1,1,1,1,1,1,1,1,1,1,1,1,1,1,1,1,1,1,1,1,1,1,1,1,1,1,1,1,1,1,1,1,1,1,1,1,1,1,1,1,1,1,1,1,1,1,1,1,1,1,1,1,1,1,1,1,1,1,1,1,1,1,1,1,1,1,1,1,1,1,1,1,1,1,1,1,1,1,1,1,2,2,1,1,1,1,1,1,1,1,1,1,2,2,1,1,1,1,1,1,2,2,1,1,2,2,1,2,2,1,1,1,2,2,1,1,2,2,1,2,2,1,1,1,2,2,1,1,1,1,1,1,1,1,1,1,1,1,1,1,1,1,1,1,1,1,1,2,2,2,2,2
5,07-03-2012,8:13:10 PM,0,0,2.5,0.125,0.225,0.125,0.125,0.025,0.175,0.225,0.225,0.475,0.025,0.175,0.225,0.225,0.55,1,0,0,0,0,10,1,1,1,1,1,1,1,1,1,1,1,1,1,1,1,1,1,1,1,1,1,1,1,1,1,1,1,1,1,1,1,1,1,1,1,2,1,1,1,1,1,1,2,1,1,1,1,2,1,1,1,1,1,1,2,1,1,1,1,2,1,1,1,1,1,1,2,1,1,1,1,1,1,1,1,1,1,1,2,1,1,1,1,2,1,1,1,1,1,1,2,1,1,1,1,2,1,2,1,1,2,2,2,1,1,2,2,2,1,2,1,2,2,2,2,1,2,2,2,2,2,2,1,2,2,1,2,1,2,2,2,2,2,2,1,2,2,2,2,1,2,2,2,2,1,1,1,1,1,1,1,1,1,1,1,1,1,1,1,1,1,1,1,1,2,2,2,2
6,07-03-2012,8:13:24 PM,0,5,0,0.75,0.475,0.475,0.425,0.475,0.475,0.225,0.475,0.225,0.425,0.425,0.375,0.475,0.325,1,1,0,0,5,0,2,1,1,1,2,1,1,1,1,1,1,1,2,1,1,1,1,1,1,1,1,1,1,1,1,1,1,1,1,1,1,1,1,1,1,1,2,2,2,2,1,2,2,1,2,1,2,1,2,2,2,2,1,2,1,2,1,1,2,1,2,2,2,2,2,2,2,2,2,2,2,2,1,2,2,2,1,2,1,2,2,2,2,1,1,2,2,2,1,2,1,2,2,2,2,2,1,2,2,2,2,2,2,2,2,2,2,2,2,2,2,2,2,2,2,2,2,2,2,2,2,2,2,2,2,2,2,2,2,2,2,2,2,2,2,2,2,2,2,2,2,2,2,2,1,1,1,1,1,1,2,2,2,1,2,2,2,2,2,2,2,2,2,2,2,2,2,2
7,07-03-2012,9:45:44 PM,1,5,0,0.475,0.375,0.275,0.325,0.275,0.425,0.425,0.075,0.075,0.475,0.425,0.475,0.125,0.175,3,3,0,0,0,0,1,1,1,1,1,1,1,1,1,1,1,1,1,1,1,1,1,1,1,1,1,1,1,1,1,2,1,1,1,1,1,1,1,1,1,1,2,1,1,1,2,1,1,2,1,2,1,1,2,1,2,2,1,1,1,2,2,2,1,1,2,2,2,2,2,1,1,2,2,2,1,1,2,2,2,2,2,1,1,2,2,2,1,2,2,2,1,2,2,1,1,2,2,2,1,1,2,2,1,2,2,1,1,2,2,2,1,1,2,2,1,2,2,1,1,1,2,2,1,2,2,2,2,2,2,1,1,2,2,2,2,2,2,2,2,2,2,2,2,2,2,2,2,2,1,1,1,1,1,1,1,2,1,1,1,1,1,2,2,2,2,2,2,2,2,2,2,2
8,07-03-2012,9:45:44 PM,1,5,5,0.425,0.5625,0.325,0.325,0.325,0.425,0.375,0.325,0.55,0.375,0.375,0.375,0.475,0.55,3,1,0,0,0,0,1,1,1,1,1,1,1,1,1,1,1,1,1,2,1,1,1,1,1,1,1,1,1,1,1,1,1,1,1,1,2,1,1,1,1,2,1,2,1,1,1,1,2,1,1,1,2,2,2,2,1,2,1,1,2,1,1,1,2,2,2,2,1,2,2,2,2,2,2,2,2,2,2,2,2,2,2,1,2,2,2,2,2,2,2,2,2,2,2,2,2,2,2,2,2,2,2,2,2,2,2,2,2,2,2,2,2,2,2,2,2,2,2,2,2,2,2,2,2,2,2,2,2,2,2,2,2,2,2,2,2,2,2,2,2,2,2,2,2,2,2,2,2,2,1,1,1,1,1,1,1,1,1,1,1,1,2,2,2,2,2,2,2,2,2,2,2,2
9,07-03-2012,9:45:47 PM,1,0,0,0.125,0.075,0.025,0.025,0.025,0.025,0.025,0.025,0.125,0.025,0.025,0.025,0.025,0.075,0,0,0,0,0,10,1,1,1,1,1,1,1,1,1,1,1,1,1,1,1,1,1,1,1,1,1,1,1,1,1,1,1,1,1,1,1,1,1,1,2,1,1,1,1,1,1,1,1,1,1,1,1,1,1,1,1,1,1,1,1,1,1,1,1,1,1,1,1,1,1,1,1,1,1,1,1,1,1,1,2,1,1,1,1,1,1,1,1,1,1,1,1,1,1,1,1,1,1,1,1,1,1,1,1,1,1,1,1,1,1,1,1,1,2,1,1,1,1,1,1,1,1,1,1,1,1,1,1,1,1,1,2,1,1,1,1,1,2,2,1,1,1,1,2,1,1,1,1,2,1,1,1,1,1,1,1,1,1,1,1,1,1,1,1,1,1,1,1,1,1,1,1,1
10,07-03-2012,9:45:47 PM,1,0,5,0.225,0.175,0.025,0.025,0.075,0.75,0.025,0.025,0.75,0.025,0.075,0.025,0.025,0.025,1,1,0,0,0,0,1,2,1,2,1,1,2,1,1,1,1,1,1,1,1,2,1,1,2,1,1,2,1,1,1,1,1,2,1,1,2,1,1,1,1,1,1,1,1,2,1,1,2,1,1,1,1,1,1,1,2,2,1,1,2,1,1,2,1,1,1,1,1,2,1,1,2,1,1,1,1,1,1,1,1,2,1,1,2,1,2,2,1,1,2,2,1,2,1,1,2,1,1,1,1,1,1,1,2,2,1,1,2,1,1,1,1,1,2,2,1,2,1,1,2,1,1,1,1,1,2,1,1,2,1,1,2,1,1,1,1,1,2,2,2,2,1,1,2,1,2,1,1,1,1,1,1,1,1,1,1,1,1,1,1,1,1,1,1,1,1,1,1,1,1,1,1,1
11,07-03-2012,9:45:48 PM,1,0,5,0.375,0.375,0.275,0.275,0.225,0.275,0.425,0.475,0.75,0.275,0.275,0.425,0.475,0.55,0,0,0,0,0,0,1,1,1,1,1,1,2,1,1,1,1,1,1,1,1,1,1,1,2,1,1,1,1,1,1,1,1,1,1,1,2,1,1,1,1,2,1,1,1,1,2,2,2,1,1,1,2,2,1,1,1,1,1,2,2,1,1,2,2,2,2,2,1,1,2,2,2,1,1,2,2,2,2,2,1,1,2,2,2,1,1,2,2,2,2,2,1,2,2,2,2,2,2,2,2,2,2,2,2,2,2,2,2,2,2,2,2,2,2,2,2,2,2,2,2,2,2,2,2,2,2,2,2,2,2,2,2,2,2,2,2,2,2,2,2,2,2,2,2,2,2,2,2,2,1,1,1,1,1,1,1,1,1,1,1,1,1,1,2,2,2,2,2,2,2,2,2,2
12,07-03-2012,9:45:51 PM,1,0,0,0.025,0.025,0.075,0.025,0.075,0.125,0.125,0.075,0.075,0.075,0.075,0.075,0.075,0.025,5,5,5,5,5,10,1,1,1,1,1,1,1,1,1,1,1,1,1,1,1,1,1,1,1,1,1,1,1,1,1,1,1,1,1,1,1,1,1,1,1,1,1,1,1,1,1,1,1,1,1,1,1,1,1,1,1,1,1,1,1,1,1,1,1,1,1,1,1,1,1,1,1,1,1,1,1,1,1,1,1,1,1,1,1,1,1,1,1,1,1,1,1,1,1,1,1,1,1,1,1,1,1,1,1,1,1,1,1,1,1,1,1,1,1,1,1,1,1,1,1,1,1,1,1,1,1,1,1,2,2,1,1,1,1,1,1,1,1,1,2,2,2,2,2,2,2,2,2,1,1,1,1,1,1,1,1,1,1,1,1,1,1,1,1,1,1,1,1,1,1,1,2,1
13,07-03-2012,9:45:51 PM,1,5,0,0.425,0.475,0.375,0.375,0.325,0.325,0.325,0.4875,0.55,0.225,0.275,0.425,0.375,0.55,2,1,0,0,0,0,1,1,1,1,1,1,1,1,1,1,1,1,1,1,1,1,1,1,1,1,1,1,1,1,1,1,1,1,1,2,2,1,1,1,1,2,1,2,1,1,1,1,2,1,1,1,1,2,2,2,1,1,1,2,2,1,1,2,1,2,2,2,1,1,1,2,2,1,1,2,2,2,2,2,2,2,2,2,2,1,1,2,2,2,2,1,2,2,2,2,2,1,2,2,2,2,2,2,2,2,2,2,2,2,2,2,2,2,2,2,2,2,2,2,2,2,2,2,2,2,2,2,2,2,2,2,2,2,2,2,2,2,2,2,2,2,2,2,2,2,2,2,2,2,1,1,1,1,1,1,1,1,1,1,2,2,2,2,2,2,2,2,2,2,2,2,2,2
14,07-03-2012,9:45:55 PM,1,2.5,5,0.025,0.025,0.025,0.025,0.025,0.025,0.025,0.025,0.375,0.025,0.025,0.025,0.025,0.025,5,0,2,0,0,10,1,1,1,1,1,1,1,1,1,1,1,1,1,1,1,1,1,1,1,1,1,1,1,1,1,1,1,1,1,1,1,1,1,1,1,1,1,1,1,1,1,1,1,1,1,1,1,2,1,1,1,1,1,1,1,1,1,1,1,1,1,1,1,1,1,1,2,1,1,1,1,1,1,1,1,1,1,1,2,1,1,1,1,2,1,2,1,1,1,1,2,1,1,1,1,2,1,1,1,1,1,1,1,1,1,1,1,1,1,1,1,1,1,1,2,1,1,1,1,1,1,1,1,1,1,1,1,1,1,1,1,1,1,1,1,1,1,1,2,1,1,1,1,1,1,1,1,1,1,1,1,1,1,1,1,1,1,1,1,1,1,1,1,1,1,1,1,1
15,07-03-2012,9:46:02 PM,1,5,5,0.425,0.425,0.225,0.275,0.75,0.55,0.325,0.275,0.175,0.75,0.475,0.325,0.325,0.275,0,3,0,0,0,10,1,1,2,1,1,1,1,2,1,1,1,1,1,1,2,1,1,1,1,2,1,1,1,1,1,1,2,2,1,1,1,2,1,1,1,1,1,2,2,2,1,1,1,2,2,1,1,1,2,1,2,2,1,1,1,2,2,1,1,1,2,2,2,1,1,1,1,2,2,1,1,1,2,2,2,2,2,1,2,2,2,2,2,1,2,2,2,2,2,2,1,2,2,2,2,2,2,2,2,2,2,2,1,2,2,2,2,2,2,2,2,2,2,2,2,2,2,2,2,2,2,2,2,2,2,2,2,2,2,2,2,2,2,2,2,2,2,2,2,2,2,2,2,2,1,1,1,1,1,1,1,1,1,1,1,1,1,1,2,2,1,2,2,2,2,2,2,2
16,07-12-2012,5:42:52 PM,0,5,2.5,0.075,0.75,0.425,0.475,0.125,0.025,0.275,0.475,0.475,0.075,0.025,0.275,0.55,0.55,5,3,0,0,0,0,1,2,1,1,1,1,1,1,1,1,1,1,1,2,1,1,1,1,1,1,2,1,1,1,1,2,1,1,1,1,1,1,1,1,2,2,1,2,1,1,1,2,2,1,1,1,2,2,2,2,1,1,1,2,2,1,1,1,2,2,2,2,1,1,1,2,2,1,1,1,2,2,1,2,1,1,2,2,2,1,1,1,2,2,1,2,1,1,1,2,2,1,1,2,2,2,1,2,1,1,2,2,2,1,1,2,2,2,1,2,2,1,2,2,2,1,1,2,2,2,2,2,1,1,2,2,2,1,1,2,2,2,1,2,2,1,2,1,2,2,1,2,2,2,1,1,1,1,1,1,1,2,2,2,2,2,2,2,2,2,2,2,2,2,2,2,2,2
17,07-12-2012,5:50:20 PM,0,5,2.5,0.225,0.025,0.025,0.025,0.025,0.325,0.55,0.55,0.425,0.025,0.225,0.475,0.475,0.55,0,0,0,0,0,10,1,1,1,1,1,1,1,1,1,1,1,1,1,1,1,1,1,1,1,1,1,1,1,1,1,1,1,1,2,2,1,1,1,1,1,2,1,1,1,1,2,2,2,1,1,2,2,2,1,1,1,1,2,2,1,1,1,2,2,2,1,1,1,1,2,2,2,1,1,2,2,2,1,1,1,2,2,2,2,1,1,2,2,2,1,1,1,2,2,2,2,1,1,2,2,2,2,1,1,2,2,2,2,1,2,2,2,2,2,1,1,2,2,2,2,1,2,2,2,2,2,1,1,2,2,2,2,1,2,2,2,2,2,1,1,2,2,2,2,1,2,2,2,2,1,1,1,1,1,1,1,1,1,1,1,1,1,1,1,1,1,1,1,1,1,1,1,1
18,07-12-2012,5:50:20 PM,0,5,0,0.75,0.275,0.225,0.225,0.225,0.225,0.175,0.325,0.225,0.225,0.225,0.225,0.325,0.425,3,3,1,1,5,0,2,1,1,1,1,1,1,1,1,1,1,1,2,1,1,1,1,1,1,1,1,1,1,1,2,1,1,1,1,1,1,1,1,1,1,1,2,1,1,1,1,1,1,1,1,1,1,1,2,1,1,1,1,1,1,1,1,1,1,2,2,1,1,1,1,2,1,1,1,1,1,2,2,1,1,1,1,1,1,1,1,1,2,2,2,2,1,1,1,2,1,1,1,1,2,2,2,2,2,2,2,2,2,2,2,2,2,2,2,2,2,2,1,2,2,2,2,2,2,2,2,2,2,2,2,2,2,2,2,2,2,2,2,2,2,2,2,2,2,2,2,2,2,2,1,1,1,1,1,1,1,1,1,1,1,1,1,1,1,1,2,2,2,2,2,2,2,2
19,07-12-2012,5:50:20 PM,0,5,5,0.475,0.475,0.475,0.475,0.025,0.375,0.475,0.4875,0.225,0.025,0.475,0.475,0.55,0.025,5,3,1,3,5,10,1,1,1,1,1,1,1,1,1,1,1,2,1,1,1,1,1,1,2,1,1,1,1,2,1,1,1,1,1,2,2,1,1,1,2,1,2,2,1,1,2,1,1,1,2,2,2,1,2,2,1,2,2,2,1,1,2,2,2,2,2,2,1,1,2,2,2,1,2,2,2,2,2,1,1,2,2,2,1,1,2,2,2,1,2,2,1,2,2,2,1,1,2,2,2,1,2,2,1,2,2,2,2,1,2,2,2,1,2,2,1,2,2,2,2,1,2,2,2,2,2,2,1,2,2,2,1,1,2,2,2,1,2,2,1,2,2,2,2,1,2,2,2,1,1,1,1,1,1,1,2,2,2,2,2,2,2,2,2,2,2,2,2,2,2,2,2,2
20,07-12-2012,5:50:22 PM,0,0,2.5,0.375,0.475,0.375,0.375,0.425,0.375,0.55,0.65,0.55,0.375,0.275,0.475,0.55,0.475,2,0,0,0,0,0,1,1,1,1,1,1,1,1,1,1,1,1,1,1,1,1,1,2,1,1,1,1,1,1,1,1,1,1,2,2,2,1,1,1,2,1,1,2,2,1,2,2,2,1,1,2,2,2,1,2,1,2,2,2,2,2,2,2,2,2,2,2,2,1,2,2,2,1,1,2,2,2,2,2,2,2,2,2,2,2,1,2,2,2,2,2,2,2,2,2,2,2,2,2,2,2,2,2,2,2,2,2,2,2,2,2,2,2,2,2,2,2,2,2,2,2,2,2,2,2,2,2,2,2,2,2,2,2,2,2,2,2,2,2,2,2,2,2,2,2,2,2,2,2,1,1,1,1,1,1,1,1,1,1,2,2,2,2,2,2,2,2,2,2,2,2,2,2
21,07-12-2012,5:50:22 PM,0,5,5,0.325,0.475,0.275,0.175,0.025,0.025,0.275,0.325,0.325,0.125,0.4875,0.225,0.075,0.325,4,3,0,0,1,10,1,1,1,1,1,1,1,1,1,2,1,1,1,1,1,2,1,1,1,1,1,1,2,2,1,1,1,1,1,1,1,1,2,1,1,1,2,2,1,1,1,2,1,2,1,2,1,1,1,2,1,1,1,1,1,1,2,2,1,1,1,2,1,2,1,1,1,1,2,1,1,1,2,2,1,2,1,2,2,2,2,1,1,2,2,2,1,1,2,2,2,1,2,1,1,2,2,2,1,2,2,2,2,1,1,2,2,1,2,2,1,1,2,1,2,1,2,2,1,2,2,2,1,1,1,2,2,2,2,1,1,2,2,2,1,1,2,2,2,2,2,2,2,2,1,1,1,2,1,2,1,2,1,1,1,1,1,1,2,1,2,1,2,2,2,2,2,1
22,07-12-2012,5:50:22 PM,0,5,0,0.55,0.65,0.475,0.475,0.225,0.225,0.475,0.55,0.375,0.275,0.425,0.475,0.55,0.375,3,3,0,0,0,10,1,1,1,1,1,1,1,1,1,1,1,1,1,2,1,1,1,1,1,1,1,1,1,1,2,2,1,1,1,2,1,1,1,1,2,1,2,2,1,1,2,2,1,1,1,2,2,1,2,2,1,1,2,2,1,1,2,2,2,1,2,2,1,2,2,2,2,1,2,2,2,2,2,2,1,1,2,2,2,1,1,2,2,2,2,2,1,1,2,2,2,2,2,2,2,2,2,2,2,2,2,2,2,2,2,2,2,2,2,2,2,2,2,2,2,2,2,2,2,2,2,2,2,2,2,2,2,2,2,2,2,2,2,2,1,2,2,2,2,2,2,2,2,2,1,1,1,1,1,1,2,2,2,2,2,2,2,2,2,2,2,2,2,2,2,2,2,2
23,07-12-2012,5:50:29 PM,0,5,0,0.75,0.025,0.025,0.125,0.025,0.025,0.025,0.025,0.025,0.025,0.025,0.025,0.225,0.025,5,3,0,0,5,0,2,1,2,1,1,1,1,1,1,1,1,1,2,1,1,1,2,1,1,2,1,1,1,1,2,1,1,1,1,1,1,1,1,1,1,1,2,1,1,1,1,1,1,2,1,2,1,1,2,1,1,1,1,1,1,1,1,2,2,1,2,1,1,1,1,1,1,1,1,1,1,2,2,1,1,2,2,1,1,1,2,1,1,1,2,1,1,1,1,1,1,1,1,1,2,1,2,1,2,1,1,1,1,1,1,1,1,1,2,1,1,2,1,2,1,1,2,2,2,1,2,1,1,1,1,1,1,1,1,1,2,1,2,1,1,1,1,1,1,1,1,1,1,1,1,1,1,1,1,1,1,1,1,1,1,1,1,1,2,1,1,1,1,2,1,1,1,2
24,07-12-2012,5:50:44 PM,0,5,2.5,0.025,0.65,0.475,0.375,0.425,0.325,0.4875,0.425,0.425,0.375,0.375,0.425,0.4875,0.475,5,1,1,1,2,10,1,2,1,1,1,1,1,1,1,1,1,1,1,1,1,2,1,1,1,1,1,1,1,1,1,2,1,1,2,1,1,1,1,1,2,1,1,2,1,1,1,1,2,1,1,1,1,2,1,2,2,1,2,2,1,1,1,2,2,2,1,2,2,2,2,2,2,2,2,2,2,2,1,2,2,1,2,2,2,2,2,2,2,2,1,1,2,2,2,2,2,2,2,2,2,2,1,2,2,2,2,2,2,2,2,2,2,2,1,2,2,2,2,2,2,2,2,2,2,2,1,2,2,2,2,2,2,2,2,2,2,2,1,2,2,2,2,2,2,2,2,2,2,2,1,1,1,1,1,1,2,1,2,1,2,2,2,2,2,2,2,2,2,2,2,2,2,2
25,07-12-2012,6:50:01 PM,0,0,2.5,0.025,0.025,0.025,0.025,0.025,0.025,0.025,0.025,0.025,0.025,0.025,0.025,0.025,0.025,0,0,0,0,0,0,1,1,1,1,1,1,1,1,1,1,1,1,1,1,1,1,1,1,1,1,1,1,1,1,1,1,1,1,1,1,1,2,1,1,1,1,1,1,1,1,1,1,1,1,1,1,1,1,1,1,1,1,1,1,1,1,1,1,1,1,1,1,1,1,1,1,1,1,1,1,1,1,1,1,1,1,1,1,1,1,1,1,1,1,1,1,1,1,1,1,1,1,2,1,1,1,1,1,1,1,1,1,1,1,1,1,1,1,1,1,1,1,1,1,1,1,1,1,1,1,1,1,1,1,1,1,1,1,1,1,1,1,1,1,1,1,1,1,1,1,1,1,1,1,1,1,1,1,1,1,1,1,1,1,1,1,1,1,1,1,1,1,1,1,1,1,1,1
26,07-12-2012,6:50:01 PM,0,7.5,2.5,0.375,0.55,0.225,0.225,0.225,0.375,0.475,0.475,0.65,0.225,0.275,0.375,0.375,0.475,4,2,1,1,0,0,1,1,1,1,1,1,1,1,1,1,1,1,1,1,1,1,1,1,2,1,1,1,1,1,1,2,1,1,1,1,2,1,1,1,1,1,1,2,1,1,2,2,2,1,1,1,1,2,1,2,1,2,2,2,2,1,1,2,1,2,2,2,1,1,2,2,2,1,1,1,2,2,2,2,1,2,2,2,2,1,2,2,2,2,2,2,1,2,2,2,2,1,1,2,2,2,2,2,2,2,2,2,2,2,2,2,2,2,2,2,2,2,2,2,2,2,2,2,2,2,2,2,2,2,2,2,2,2,2,2,2,2,2,2,2,2,2,2,2,2,2,2,2,2,1,1,1,1,1,1,1,1,1,1,1,1,1,1,1,1,2,2,2,2,2,2,2,2
27,07-12-2012,6:50:03 PM,0,0,5,0.275,0.4375,0.425,0.025,0.025,0.175,0.375,0.325,0.125,0.025,0.175,0.425,0.375,0.125,3,1,0,0,1,10,1,1,1,1,1,1,1,1,1,1,1,1,1,1,1,1,1,1,1,1,1,1,1,1,1,2,1,1,1,1,1,1,1,1,1,1,1,2,1,1,1,2,1,1,1,1,1,1,1,1,1,1,1,1,1,1,1,2,1,1,1,1,1,1,2,1,1,1,1,2,2,1,2,2,1,1,2,2,1,1,1,2,2,1,1,2,1,1,2,2,1,1,1,2,2,1,2,2,1,1,2,1,1,1,1,2,2,1,2,2,1,2,2,2,1,1,2,2,2,1,2,2,1,2,2,2,2,1,2,2,2,2,2,2,1,2,2,2,2,1,2,2,2,2,1,1,1,1,1,1,1,1,2,1,2,1,2,1,2,1,2,1,2,1,2,1,2,1
28,07-12-2012,6:50:03 PM,0,0,5,0.375,0.225,0.025,0.025,0.225,0.375,0.425,0.175,0.075,0.225,0.325,0.425,0.225,0.225,0,0,0,0,0,0,1,1,1,1,1,1,1,1,1,1,1,1,1,1,1,1,1,1,1,1,1,1,1,1,1,1,1,1,1,1,1,1,1,1,1,1,1,1,1,1,1,1,1,1,1,1,1,1,2,1,1,1,2,1,1,1,1,2,1,1,1,1,1,2,2,1,1,1,1,2,1,1,2,1,1,2,2,1,1,1,2,2,1,1,2,1,1,2,2,1,1,1,2,2,1,1,2,2,2,2,2,1,1,2,2,2,2,2,2,2,2,2,2,2,1,2,2,2,2,2,2,2,2,2,2,2,1,2,2,2,2,2,2,2,2,2,2,2,2,2,2,2,2,2,1,1,1,1,1,1,1,1,1,1,1,1,1,1,1,1,1,1,1,1,1,1,1,1
29,07-12-2012,6:50:15 PM,0,5,0,0.475,0.475,0.275,0.275,0.225,0.275,0.225,0.425,0.375,0.225,0.275,0.025,0.325,0.475,5,3,0,0,0,10,1,1,1,1,1,1,1,1,1,2,1,1,1,1,1,1,1,1,1,1,1,1,1,1,1,1,1,1,1,1,1,1,1,1,1,1,2,2,1,1,1,1,1,1,1,1,1,2,2,2,1,1,1,2,1,1,1,1,1,2,2,2,1,1,1,2,2,1,1,1,1,2,2,2,1,1,1,2,2,1,1,1,2,2,2,2,2,2,2,2,2,1,2,2,2,2,2,2,1,2,1,2,2,2,2,2,2,2,2,2,2,2,2,2,2,2,2,1,2,2,2,2,2,2,2,2,2,2,2,1,2,2,2,2,2,2,1,2,2,2,2,1,2,2,1,1,1,1,1,1,1,1,1,1,1,1,2,2,1,1,2,2,2,2,2,2,2,2
30,07-12-2012,7:44:34 PM,0,2.5,2.5,0.375,0.275,0.075,0.075,0.225,0.225,0.175,0.225,0.225,0.225,0.225,0.225,0.175,0.225,4,2,3,1,0,0,1,1,1,1,1,1,1,1,1,1,1,1,2,1,1,1,1,1,1,1,1,1,1,1,1,1,1,1,1,1,1,1,1,1,1,1,1,1,1,1,1,1,1,1,1,1,1,1,1,1,1,1,1,1,1,1,1,1,1,1,2,1,1,1,1,1,1,1,1,1,1,1,2,1,1,1,1,1,1,1,1,1,1,1,2,2,1,1,1,1,1,1,1,1,1,1,2,2,2,2,1,2,2,2,2,2,1,2,2,2,2,2,2,2,2,2,2,2,2,2,2,2,2,2,2,2,2,2,2,2,2,2,2,2,2,2,2,2,2,2,2,2,2,2,1,1,1,1,1,1,1,1,1,1,1,1,1,1,1,1,1,1,1,1,1,1,2,2
31,07-12-2012,7:44:34 PM,0,2.5,0,0.275,0.275,0.225,0.225,0.025,0.175,0.175,0.125,0.025,0.025,0.225,0.175,0.175,0.075,2,1,2,0,1,10,1,2,1,1,1,1,1,1,1,1,1,1,1,1,1,1,1,1,1,1,1,1,1,1,2,1,1,1,1,1,1,1,1,1,1,1,1,2,1,1,1,1,1,1,1,1,1,1,2,1,1,1,1,1,1,1,1,1,1,1,1,1,1,1,1,1,1,1,1,1,1,1,1,1,2,1,1,1,2,1,1,1,1,1,2,2,1,1,1,1,1,1,1,1,1,1,2,2,1,1,1,1,1,1,2,1,1,1,2,2,1,2,2,1,1,1,2,2,2,1,2,2,1,2,2,2,1,1,2,2,2,1,2,2,1,2,2,2,1,1,2,2,2,2,1,1,1,1,1,1,1,1,1,1,1,1,1,1,1,1,2,2,2,2,2,2,2,2
32,07-12-2012,7:44:35 PM,0,5,0,0.125,0.225,0.175,0.175,0.025,0.175,0.225,0.325,0.175,0.175,0.175,0.175,0.275,0.125,1,0,0,0,0,10,1,1,1,1,1,1,1,1,1,1,1,1,1,1,1,1,1,1,1,1,1,1,1,1,1,1,1,1,1,1,1,1,1,1,1,1,1,1,1,1,1,1,1,1,1,1,1,1,1,1,1,1,1,1,1,1,1,1,1,1,1,1,1,1,1,1,1,1,1,1,1,1,1,2,1,1,1,2,1,1,1,1,1,1,1,1,1,1,1,2,1,1,1,1,2,1,1,2,1,1,2,2,1,1,1,1,2,1,2,1,1,2,2,2,2,2,2,2,2,1,1,2,1,2,2,2,2,2,2,2,2,2,2,2,1,2,2,2,2,2,2,2,2,2,1,1,1,1,1,1,1,1,1,1,1,1,1,1,1,1,2,1,1,2,2,2,2,2
33,07-12-2012,7:44:35 PM,0,5,5,0.075,0.025,0.325,0.275,0.475,0.375,0.325,0.425,0.475,0.375,0.325,0.325,0.425,0.425,2,0,1,2,3,10,1,1,1,1,1,1,1,1,1,1,1,1,2,1,1,1,1,1,1,1,1,1,1,1,2,2,1,1,1,1,1,1,1,1,1,1,1,1,2,1,1,1,2,1,1,1,1,2,1,1,2,1,1,2,2,1,1,1,2,1,1,1,2,2,1,2,2,2,1,1,2,2,1,2,2,2,2,2,2,2,2,2,2,2,1,1,2,2,2,2,2,2,2,2,2,2,1,1,2,2,2,2,1,2,2,2,2,2,1,1,1,2,2,2,2,2,2,2,2,2,1,1,2,2,2,2,1,2,2,1,2,2,2,1,2,1,2,2,2,2,2,2,2,2,1,1,1,1,1,1,1,1,1,1,2,1,1,1,2,2,2,2,1,2,2,2,2,2
34,07-12-2012,7:44:35 PM,0,0,0,0.175,0.025,0.075,0.075,0.025,0.025,0.175,0.125,0.025,0.025,0.025,0.175,0.175,0.025,0,0,0,0,0,10,1,1,1,1,1,1,1,1,1,1,1,1,1,1,1,1,1,1,1,1,1,1,1,1,1,1,1,1,1,1,1,1,1,1,1,1,1,1,1,1,1,1,1,1,1,1,1,1,1,1,1,1,1,1,1,1,1,1,1,1,1,1,1,1,1,1,1,1,1,1,1,1,1,1,1,1,1,1,1,1,1,1,1,1,1,1,1,1,1,2,1,1,1,1,1,1,1,1,1,1,1,1,1,1,1,1,1,1,2,1,1,1,2,1,1,1,1,2,2,1,2,1,1,1,2,2,1,1,1,2,2,1,2,1,1,1,2,2,1,1,1,2,2,1,1,1,1,1,1,1,1,1,1,1,1,1,1,1,1,1,1,1,1,1,1,1,2,2
35,07-12-2012,7:44:36 PM,0,5,0,0.075,0.175,0.025,0.075,0.075,0.075,0.125,0.125,0.075,0.075,0.075,0.175,0.175,0.125,5,4,0,3,5,10,2,1,1,1,1,1,1,1,1,1,1,1,1,1,1,1,1,1,1,1,1,1,1,1,1,1,1,1,1,1,1,1,1,1,1,1,1,1,1,1,1,1,1,1,1,1,1,1,1,1,1,1,1,1,1,1,1,1,1,1,1,1,1,1,1,1,1,1,1,1,1,1,2,1,1,1,1,1,1,1,1,1,1,1,1,1,1,1,1,1,1,1,1,1,1,1,1,2,1,1,1,1,1,1,1,1,2,1,1,1,1,1,1,1,1,1,1,2,1,2,1,2,1,1,2,2,2,1,1,2,2,1,2,2,2,2,2,2,1,2,2,1,2,2,1,1,1,1,1,1,1,1,1,1,1,1,1,1,1,1,1,1,1,1,1,1,1,2
36,07-12-2012,7:44:36 PM,0,2.5,10,0.475,0.65,0.025,0.025,0.275,0.225,0.325,0.275,0.325,0.375,0.325,0.425,0.325,0.375,0,0,0,0,0,10,1,1,1,1,1,1,1,1,1,1,1,1,1,2,1,1,1,1,1,1,1,1,1,1,1,2,1,1,1,1,1,1,1,1,1,1,2,2,1,1,1,1,1,1,1,1,1,1,2,2,1,1,1,1,1,1,1,2,1,1,2,2,1,1,1,1,1,2,1,2,1,2,2,2,1,1,2,1,2,2,2,2,2,2,2,2,2,1,2,2,2,2,2,2,2,2,2,2,2,2,2,2,2,2,2,2,2,2,2,2,2,2,2,2,2,2,2,2,2,2,2,2,2,2,2,2,2,2,2,2,2,2,2,2,2,2,2,2,2,2,2,2,2,2,1,1,1,1,1,1,1,1,1,1,1,1,1,1,1,1,1,1,1,1,1,1,1,1
37,07-12-2012,7:44:36 PM,0,2.5,5,0.175,0.225,0.225,0.175,0.225,0.225,0.275,0.225,0.225,0.225,0.275,0.275,0.275,0.275,0,1,0,1,0,0,1,1,1,1,1,1,1,1,1,1,1,1,1,1,1,1,1,1,1,1,1,1,1,1,1,1,1,1,1,1,1,1,1,1,1,1,1,1,1,1,1,1,1,1,1,1,1,1,1,1,1,1,1,1,1,1,1,1,1,1,1,1,1,1,1,1,1,1,1,1,1,1,1,1,1,1,1,1,1,1,2,1,1,2,1,1,1,1,2,1,1,1,1,2,2,1,1,2,2,2,2,2,2,2,2,2,2,2,2,2,2,2,2,2,2,2,2,2,2,2,2,2,2,2,2,2,2,2,2,2,2,2,2,2,2,2,2,2,2,2,2,2,2,2,1,1,1,1,1,1,1,1,1,1,1,2,1,1,1,1,2,1,2,2,2,2,2,2
38,07-12-2012,7:44:50 PM,0,5,5,0.475,0.65,0.5625,0.55,0.425,0.65,0.175,0.75,0.75,0.65,0.225,0.325,0.025,0.475,1,0,0,0,0,0,1,1,1,1,1,2,2,2,1,1,1,1,1,2,1,2,1,2,2,1,1,1,1,1,1,2,1,2,1,2,2,2,1,1,1,1,2,2,1,2,1,2,2,2,1,1,1,2,2,2,2,2,1,2,2,2,2,1,1,2,2,2,2,2,1,2,2,2,1,1,1,1,2,2,1,1,1,2,2,2,1,2,1,2,2,2,2,2,1,2,2,2,1,2,1,2,2,2,2,2,1,2,2,2,2,2,1,2,2,2,2,2,2,2,2,2,2,2,1,2,2,2,2,2,2,2,2,2,2,2,1,1,2,2,2,2,1,2,2,2,2,2,1,2,1,1,2,1,1,2,2,2,2,2,2,2,2,2,2,2,2,2,2,2,2,2,2,2
39,07-12-2012,8:52:31 PM,0,0,2.5,0.275,0.65,0.125,0.125,0.375,0.225,0.375,0.475,0.55,0.425,0.275,0.275,0.55,0.65,0,0,0,0,0,0,1,1,1,1,1,2,1,1,1,1,1,1,1,2,1,1,1,1,1,1,1,1,1,2,1,2,1,1,1,1,2,1,1,1,2,2,1,2,1,1,1,2,2,1,1,1,2,2,1,2,1,1,1,2,2,2,1,1,2,2,1,2,2,1,2,2,2,2,1,1,2,2,2,2,2,1,2,2,2,2,1,1,2,2,1,2,2,1,2,2,2,2,2,2,2,2,2,2,2,2,2,2,2,2,2,2,2,2,2,2,2,2,2,2,2,2,2,2,2,2,2,2,2,2,2,2,2,2,2,2,2,2,2,2,2,2,2,2,2,2,2,2,2,2,1,1,1,1,1,1,1,1,1,1,1,1,1,1,1,1,1,1,1,1,2,2,2,2
40,07-12-2012,8:52:52 PM,0,2.5,0,0.125,0.075,0.125,0.125,0.075,0.175,0.275,0.375,0.65,0.075,0.175,0.275,0.325,0.425,0,0,0,0,0,10,1,1,1,1,1,1,1,1,1,1,1,1,1,1,1,1,1,1,2,1,1,1,1,2,1,1,1,1,1,1,2,1,1,1,1,1,1,1,1,1,1,1,2,1,1,1,1,1,1,1,1,1,1,1,2,1,1,1,1,2,1,1,1,1,1,2,2,1,1,1,1,2,1,1,1,1,1,2,2,1,1,1,2,2,1,1,1,1,2,1,2,1,1,2,2,2,1,1,1,1,2,2,2,1,1,2,2,2,1,1,1,2,2,2,2,1,2,2,2,2,2,1,1,2,2,2,2,1,2,2,2,2,2,2,2,2,2,2,2,2,2,2,2,2,1,1,1,1,1,1,1,1,1,1,1,1,1,1,1,1,1,1,1,1,2,2,2,2
41,07-12-2012,8:52:52 PM,0,5,0,0.325,0.475,0.425,0.425,0.025,0.375,0.475,0.75,0.75,0.025,0.375,0.475,0.75,0.75,4,3,0,0,0,0,1,1,1,1,1,2,2,1,1,1,2,2,1,1,1,1,1,2,2,1,1,1,2,2,1,1,1,1,1,2,2,1,1,1,2,2,1,2,1,1,2,2,2,1,1,2,2,2,1,2,1,1,2,2,2,1,1,2,2,2,2,2,1,2,2,2,2,1,2,2,2,2,1,2,1,2,2,2,2,1,2,2,2,2,2,2,1,2,2,2,2,1,2,2,2,2,2,2,1,2,2,2,2,1,2,2,2,2,2,2,1,2,2,2,2,1,2,2,2,2,2,2,1,2,2,2,2,1,2,2,2,2,2,2,1,2,2,2,2,1,2,2,2,2,1,1,1,1,1,1,1,1,2,2,2,2,2,2,2,2,2,2,2,2,2,2,2,2
42,07-12-2012,8:52:53 PM,0,5,5,0.225,0.275,0.325,0.225,0.125,0.175,0.225,0.325,0.325,0.175,0.175,0.275,0.225,0.275,2,1,0,0,0,0,1,1,1,1,1,1,1,1,1,1,1,1,1,1,1,1,1,1,1,1,1,1,1,1,1,1,1,1,1,1,1,1,1,1,1,1,1,1,1,1,1,1,1,1,1,1,1,1,1,1,1,1,1,1,1,1,1,1,1,1,2,1,1,1,1,1,1,1,1,1,1,1,1,2,1,1,1,2,2,1,1,1,1,1,1,1,1,1,1,2,2,1,1,2,1,2,2,2,1,1,2,2,2,1,1,2,2,2,2,2,1,2,2,2,2,2,2,2,2,2,2,2,2,2,2,2,2,2,2,2,2,2,2,2,2,2,2,2,2,2,2,2,2,2,1,1,1,1,1,1,1,1,1,1,1,1,2,1,2,1,2,2,2,2,2,2,2,2
43,07-12-2012,8:52:55 PM,0,5,2.5,0.425,0.425,0.475,0.425,0.075,0.175,0.375,0.75,0.65,0.175,0.175,0.375,0.65,0.65,3,2,0,0,0,0,1,1,1,1,1,2,1,1,1,1,1,1,1,1,1,1,1,2,2,1,1,1,2,2,1,1,1,1,1,2,2,1,1,1,2,2,1,2,1,1,1,2,2,1,1,1,2,2,2,1,1,1,1,2,2,1,1,1,2,2,2,2,1,1,2,2,2,1,1,2,2,2,2,2,1,1,2,2,2,1,1,2,2,2,2,2,1,1,2,2,2,1,1,2,2,2,2,2,1,1,2,2,2,1,1,2,2,2,1,2,1,2,2,2,2,2,2,2,2,2,2,2,1,2,2,2,2,2,2,2,2,2,2,2,2,2,2,2,2,2,2,2,2,2,1,1,1,1,1,1,2,1,2,2,2,2,2,2,2,2,2,2,2,2,2,2,2,2
44,07-12-2012,8:53:09 PM,0,2.5,2.5,0.475,0.475,0.425,0.375,0.4875,0.55,0.225,0.225,0.225,0.65,0.75,0.375,0.225,0.225,0,0,0,0,0,10,1,1,1,1,1,1,1,1,2,1,1,1,1,1,1,1,1,1,1,2,2,1,1,1,1,1,2,2,1,1,1,2,2,1,1,1,2,2,1,2,1,1,1,2,2,2,1,1,2,2,2,2,1,1,1,2,2,1,1,1,2,2,2,2,1,1,1,2,2,2,2,1,2,2,2,2,1,1,1,2,2,1,1,1,2,2,2,2,1,1,1,2,2,2,1,1,2,2,2,2,2,2,2,2,2,2,2,2,2,2,2,2,2,2,2,2,2,2,2,2,2,2,2,2,2,2,2,2,2,2,2,2,2,2,2,2,2,2,2,2,2,2,2,2,1,1,1,1,1,1,1,1,2,1,2,2,2,2,2,2,2,2,2,2,2,2,2,2
45,07-12-2012,9:45:00 PM,0,2.5,5,0.225,0.425,0.175,0.225,0.175,0.225,0.175,0.425,0.425,0.175,0.175,0.225,0.325,0.275,0,0,0,0,0,10,1,1,1,1,1,1,1,1,1,1,1,1,1,1,1,1,1,1,1,1,1,1,1,1,1,1,1,1,1,1,1,1,1,1,1,1,1,1,1,1,1,1,2,1,1,1,1,1,1,2,1,1,1,2,1,1,1,1,1,1,1,2,1,1,1,2,2,1,1,1,1,1,1,2,1,1,1,2,2,1,1,1,2,1,1,2,1,1,1,2,1,1,1,1,2,2,2,2,1,2,1,2,2,1,1,2,2,2,2,2,2,2,2,2,2,2,2,2,2,2,2,2,2,2,2,2,2,2,2,2,2,2,2,2,2,2,2,2,2,2,2,2,2,2,1,1,1,1,1,1,1,1,1,1,1,2,1,1,1,1,1,2,2,2,2,2,2,2
46,07-12-2012,9:45:00 PM,0,5,2.5,0.325,0.325,0.325,0.325,0.375,0.075,0.325,0.325,0.325,0.433333333,0.025,0.325,0.325,0.325,1,1,1,1,0,10,1,1,1,1,1,1,1,2,1,1,1,1,2,1,1,1,1,1,1,2,1,1,1,1,1,1,2,1,1,1,1,2,1,1,1,1,1,1,1,1,1,1,1,1,1,1,1,1,1,1,1,1,1,1,1,1,1,1,1,1,2,1,2,1,1,1,2,1,1,1,1,1,1,2,2,1,2,2,1,2,1,2,2,2,2,2,1,2,2,2,2,1,1,2,2,2,2,2,2,1,2,2,2,2,1,2,2,2,2,2,2,1,2,2,2,2,1,2,2,2,2,2,2,2,2,2,2,2,1,2,2,2,2,2,2,1,2,2,2,2,1,2,2,2,1,1,1,1,1,1,1,1,1,1,1,1,2,2,2,2,2,2,2,2,2,2,2,2
47,07-12-2012,9:45:01 PM,0,5,5,0.325,0.475,0.375,0.325,0.075,0.175,0.225,0.375,0.425,0.075,0.175,0.225,0.275,0.375,4,3,0,2,0,10,1,1,1,1,1,1,1,1,1,1,1,1,1,1,1,1,1,1,1,1,1,1,1,1,2,1,1,1,1,1,1,1,1,1,1,1,1,2,1,1,1,1,1,1,1,1,1,1,1,2,1,1,1,1,2,1,1,1,1,1,1,2,1,1,1,2,2,1,1,1,1,2,2,2,1,1,1,2,2,1,1,1,1,2,2,2,1,1,1,2,2,1,1,1,2,2,2,2,1,1,2,2,2,1,1,2,2,2,2,2,1,2,2,2,2,1,2,2,2,2,2,2,1,2,2,2,2,1,2,2,2,2,2,2,2,2,2,2,2,2,2,2,2,2,1,1,1,1,1,1,1,1,1,1,2,1,2,2,2,2,2,2,2,2,2,2,2,2
48,07-12-2012,9:45:01 PM,0,2.5,5,0.175,0.025,0.025,0.025,0.125,0.075,0.275,0.375,0.225,0.025,0.375,0.75,0.025,0.075,3,3,2,2,3,0,2,1,1,1,1,1,1,1,1,2,1,1,1,1,1,1,1,2,1,1,2,2,1,1,2,2,1,1,1,1,1,1,1,2,1,1,1,1,1,1,1,1,1,1,1,2,1,1,2,1,2,1,2,2,1,1,2,2,1,1,2,1,1,1,1,1,1,1,1,1,1,1,1,2,1,1,2,2,1,1,2,2,2,1,1,1,1,1,1,2,2,1,2,2,1,1,1,1,1,1,2,1,1,1,2,1,1,1,2,1,1,1,1,2,2,1,1,1,1,1,2,1,2,2,2,2,2,1,1,2,1,1,1,1,2,1,2,1,2,1,2,1,1,2,1,1,1,1,1,1,1,1,1,1,1,1,1,1,1,1,1,1,1,1,1,1,1,1
49,07-12-2012,9:45:02 PM,0,5,0,0.125,0.075,0.075,0.125,0.55,0.175,0.025,0.025,0.025,0.375,0.275,0.075,0.075,0.025,4,2,0,0,5,0,1,2,1,1,2,2,1,1,1,1,1,2,1,1,1,2,2,1,2,1,1,1,1,2,1,1,2,2,2,2,1,1,1,1,1,1,1,1,2,1,1,1,2,1,1,2,1,1,1,2,1,1,1,1,1,1,2,1,2,2,1,1,2,1,1,2,1,2,1,1,2,1,1,2,1,1,1,1,1,2,1,2,1,1,1,1,2,2,1,1,1,2,2,1,1,1,1,1,2,1,1,1,1,2,2,1,1,1,1,1,1,2,1,2,1,1,1,1,1,1,2,1,2,1,1,1,1,2,2,1,2,1,2,2,2,2,1,1,1,1,2,2,1,1,2,1,1,2,1,1,2,1,1,1,1,1,1,1,1,1,1,1,1,1,2,2,1,2
50,07-12-2012,9:45:03 PM,0,5,2.5,0.325,0.208333333,0.125,0.025,0.025,0.025,0.125,0.075,0.025,0.075,0.225,0.075,0.125,0.075,2,2,2,2,3,10,1,2,1,2,1,1,1,1,1,1,1,1,1,1,1,1,1,1,1,1,1,1,1,1,1,2,1,1,1,2,2,1,1,1,1,2,2,1,1,1,2,1,2,1,1,2,2,2,2,1,1,1,1,1,1,2,2,1,1,1,1,2,1,1,1,2,1,1,1,1,1,1,2,2,1,1,1,1,2,1,1,2,1,1,1,1,1,1,1,1,1,1,1,1,1,1,1,1,1,1,1,1,2,1,2,1,1,1,2,2,1,1,2,1,1,1,2,1,1,1,2,1,1,1,1,2,1,1,1,2,2,1,1,2,1,1,2,1,1,2,2,1,2,2,1,1,1,1,1,2,1,1,1,1,1,1,2,1,1,1,1,1,2,1,1,1,2,1
51,07-12-2012,9:45:04 PM,0,5,0,0.5625,0.475,0.375,0.375,0.125,0.225,0.325,0.375,0.475,0.125,0.225,0.375,0.375,0.475,2,3,0,0,0,10,1,2,1,1,1,1,1,1,1,1,1,1,2,1,1,1,1,1,1,1,1,1,1,1,1,1,1,1,1,1,1,1,1,1,1,1,2,2,1,1,1,1,2,1,1,1,1,2,2,2,1,1,1,1,2,1,1,1,1,2,2,2,1,1,1,2,2,1,1,2,2,2,2,2,1,1,2,2,2,1,1,2,2,2,2,2,1,1,2,2,2,1,1,2,2,2,2,2,1,2,2,2,2,1,2,2,2,2,2,2,1,2,2,2,2,1,2,2,2,2,2,2,2,2,2,2,2,2,2,2,2,2,2,2,2,2,2,2,2,2,2,2,2,2,1,1,1,1,1,1,1,1,1,1,2,2,2,2,2,2,2,2,2,2,2,2,2,2
52,07-12-2012,9:45:05 PM,0,5,5,0.325,0.5,0.325,0.375,0.375,0.375,0.375,0.375,0.425,0.325,0.375,0.325,0.275,0.375,0,0,0,0,0,0,1,1,1,1,1,1,1,1,1,1,1,1,1,2,1,1,1,1,1,1,1,1,1,1,1,1,1,1,1,1,1,1,1,1,1,1,1,2,1,1,1,1,1,2,1,1,1,1,1,1,1,1,1,1,2,1,1,1,1,1,1,2,2,2,2,2,2,1,2,1,1,2,2,2,2,2,2,2,2,2,2,2,1,2,2,2,2,2,2,2,2,2,2,2,2,2,2,2,2,2,2,2,2,2,2,2,2,2,2,2,2,2,2,2,2,2,2,2,2,2,2,2,2,2,2,2,2,2,2,2,2,2,2,2,2,2,2,2,2,2,2,2,2,2,1,1,1,1,1,1,1,1,1,1,1,2,2,2,2,2,2,2,2,2,2,2,2,2
53,07-12-2012,9:45:17 PM,0,0,5,0.025,0.025,0.025,0.025,0.266666667,0.025,0.025,0.025,0.025,0.025,0.025,0.025,0.025,0.025,0,0,0,0,0,0,1,1,1,1,1,1,1,1,1,1,1,1,1,1,1,1,1,1,1,1,1,1,1,1,1,1,2,1,1,1,1,1,1,1,1,1,1,1,2,1,1,1,1,1,1,1,1,1,1,1,1,1,1,2,1,1,1,1,1,1,1,1,2,1,1,1,1,1,1,1,1,1,1,1,1,1,1,1,1,1,1,1,1,1,1,1,1,1,1,1,1,1,1,1,1,1,1,1,2,1,1,1,1,1,1,1,1,1,1,1,2,1,1,1,1,1,1,1,1,1,1,1,1,1,1,1,1,1,1,1,1,1,1,1,1,1,1,1,1,1,1,1,1,1,1,1,1,1,1,1,1,1,1,1,1,1,1,1,1,1,1,1,1,1,1,1,1,1
54,07-13-2012,7:40:30 PM,1,5,5,0.275,0.65,0.225,0.275,0.225,0.125,0.225,0.125,0.225,0.375,0.325,0.075,0.225,0.475,2,1,1,0,0,0,1,2,2,1,1,1,1,2,2,1,1,1,2,1,1,1,1,1,1,1,1,1,2,1,1,2,1,2,1,2,2,1,1,2,1,1,1,2,1,2,1,1,2,1,2,1,1,2,1,1,1,1,1,1,1,1,2,2,1,2,1,2,2,1,2,1,1,2,1,2,2,1,1,1,2,2,2,2,1,2,2,1,2,2,2,2,1,1,1,1,2,1,1,1,2,2,2,2,2,1,2,1,1,2,1,1,1,2,1,2,1,2,1,1,2,2,2,1,1,1,2,1,1,1,1,2,2,1,2,2,1,2,2,2,2,2,2,2,2,1,1,1,2,1,1,1,1,2,2,1,1,1,2,1,1,1,1,1,2,2,1,2,2,1,2,2,2,2
55,07-13-2012,7:40:30 PM,1,2.5,0,0.55,0.175,0.025,0.325,0.5625,0.425,0.65,0.55,0.75,0.425,0.425,0.475,0.65,0.75,0,0,0,0,0,0,1,1,1,1,1,1,2,1,1,1,1,2,1,1,2,1,2,1,2,1,2,1,2,2,2,1,1,1,2,2,2,1,1,1,2,2,2,1,2,2,1,2,2,2,1,2,2,2,2,1,2,1,2,2,2,1,2,2,2,2,2,1,2,2,2,2,2,2,2,2,2,2,2,2,2,2,2,2,2,2,2,2,2,2,2,1,2,2,2,2,2,2,2,2,2,2,2,1,2,2,2,2,2,2,2,2,2,2,2,2,2,2,2,2,2,2,2,2,2,2,2,2,2,2,2,2,2,2,2,2,2,2,2,2,2,2,2,2,2,2,2,2,2,2,1,1,1,1,1,1,1,1,1,1,1,1,1,2,1,2,1,2,1,2,1,2,1,1
56,07-13-2012,7:40:32 PM,1,0,0,0.075,0.025,0.175,0.225,0.025,0.175,0.275,0.275,0.375,0.175,0.275,0.275,0.325,0.225,0,0,0,0,0,10,1,1,1,1,1,1,2,1,1,1,1,1,1,1,1,1,1,2,1,1,1,1,1,1,1,1,1,1,1,1,1,1,1,1,1,1,1,1,1,1,1,1,1,1,1,1,1,1,1,1,1,1,1,1,1,1,1,1,1,1,1,1,1,1,1,1,2,1,1,1,1,1,1,1,1,1,1,1,2,1,1,1,2,1,1,1,1,1,2,2,2,1,2,2,2,1,1,1,1,1,2,2,2,1,2,2,2,2,1,1,1,2,2,2,2,2,2,2,2,2,2,1,1,2,2,2,2,2,2,2,2,2,1,1,1,2,2,2,2,2,2,2,2,2,1,1,1,1,1,1,1,1,1,1,1,1,1,1,1,1,1,2,2,2,2,2,2,2
57,07-13-2012,7:40:33 PM,1,5,2.5,0.75,0.75,0.425,0.325,0.375,0.025,0.275,0.55,0.475,0.475,0.175,0.375,0.425,0.65,0,0,0,0,0,0,2,2,2,1,1,1,1,1,1,1,1,1,2,2,1,1,1,1,1,1,1,1,1,2,2,1,1,1,1,2,1,1,1,1,1,2,2,2,1,1,1,2,2,2,1,1,1,2,2,2,1,1,2,2,2,2,2,1,2,2,2,2,2,1,1,2,2,2,2,2,2,1,2,2,2,1,1,2,2,2,1,2,2,2,2,2,1,2,2,2,2,2,1,2,2,2,2,2,2,2,2,2,2,2,1,2,2,2,2,2,2,1,2,2,2,2,2,2,2,2,2,2,2,1,2,2,2,2,2,2,2,2,2,2,2,1,2,2,2,2,1,2,2,2,1,1,1,1,1,1,2,1,1,2,2,1,2,2,2,1,2,2,2,2,2,2,2,2
58,07-13-2012,7:40:33 PM,1,5,5,0.025,0.075,0.025,0.025,0.025,0.025,0.025,0.425,0.75,0.025,0.025,0.025,0.375,0.75,0,0,0,0,0,0,1,1,1,1,1,1,2,1,1,1,1,2,1,1,1,1,1,1,2,1,1,1,1,2,1,1,1,1,1,1,2,1,1,1,2,2,1,1,1,1,1,1,2,1,1,2,1,2,1,1,1,1,1,2,2,1,1,1,1,2,1,1,1,1,1,2,2,1,1,1,2,2,1,1,1,1,1,2,2,1,1,1,2,2,1,1,1,1,1,2,2,1,1,1,2,2,1,1,1,1,1,2,2,1,1,1,2,2,1,1,1,1,1,2,2,1,1,1,2,2,1,2,1,1,1,2,2,1,1,1,2,1,1,1,1,1,1,2,2,1,1,1,2,2,1,1,1,1,1,1,1,1,1,1,1,1,1,1,1,1,1,1,1,1,1,1,1,1
59,07-13-2012,7:40:33 PM,1,2.5,0,0.025,0.75,0.375,0.325,0.375,0.425,0.375,0.325,0.325,0.44375,0.325,0.375,0.375,0.375,0,0,0,0,0,0,1,2,1,1,1,1,1,1,1,1,1,1,1,2,1,1,1,1,1,2,1,1,1,1,1,2,1,1,1,1,1,1,1,1,1,1,1,2,1,2,1,1,1,2,1,1,1,1,1,2,1,1,2,1,1,1,1,1,1,1,1,2,2,2,1,1,1,2,1,2,2,2,1,2,2,2,2,2,2,1,2,2,2,2,1,2,2,2,2,2,2,2,2,2,2,2,1,2,2,2,2,2,2,2,2,2,2,2,1,2,2,2,2,2,2,2,2,2,2,2,1,2,2,2,2,2,2,2,2,2,2,2,1,2,2,2,2,2,2,2,2,2,2,2,1,1,1,1,1,1,1,1,1,1,2,1,2,2,2,2,2,2,2,2,2,2,2,2
60,07-13-2012,7:40:34 PM,1,0,5,0.55,0.65,0.475,0.425,0.55,0.475,0.475,0.375,0.475,0.55,0.475,0.475,0.425,0.475,0,0,0,0,0,10,1,1,1,1,1,1,1,1,1,1,1,1,1,2,1,1,1,1,1,1,1,1,1,1,2,2,2,1,1,1,1,2,1,1,1,1,2,2,2,2,2,1,2,2,2,2,1,2,2,2,2,2,2,1,2,2,2,2,2,2,2,2,2,2,2,2,2,2,2,2,2,2,2,2,2,2,2,2,2,2,2,2,2,2,2,2,2,2,2,2,2,2,2,2,2,2,2,2,2,2,2,2,2,2,2,2,2,2,2,2,2,2,2,2,2,2,2,2,2,2,2,2,2,2,2,2,2,2,2,2,2,2,2,2,2,2,2,2,2,2,2,2,2,2,1,1,1,1,1,1,2,1,2,2,2,2,2,2,2,2,2,2,2,2,2,2,2,2
61,07-13-2012,7:40:36 PM,1,5,0,0.475,0.65,0.325,0.325,0.175,0.275,0.375,0.325,0.325,0.225,0.225,0.375,0.425,0.325,4,3,2,0,1,10,1,1,1,1,1,1,1,1,1,1,1,1,1,2,1,1,1,1,1,1,1,1,1,1,1,2,1,1,1,1,1,1,1,1,1,1,2,2,1,1,1,1,1,1,1,1,1,1,2,2,1,1,1,1,1,1,1,1,2,1,2,2,1,1,2,1,1,1,1,2,2,1,2,2,1,2,2,2,2,1,1,2,2,2,2,2,1,1,2,2,2,1,1,2,2,2,2,2,1,2,2,2,2,2,2,2,2,2,2,2,2,2,2,2,2,2,2,2,2,2,2,2,2,2,2,2,2,2,2,2,2,2,2,2,2,2,2,2,2,2,2,2,2,2,1,1,1,1,1,1,1,1,1,1,1,1,2,2,2,2,2,2,2,2,2,2,2,2
62,07-13-2012,7:40:49 PM,1,2.5,2.5,0.75,0.75,0.325,0.325,0.325,0.275,0.225,0.175,0.325,0.325,0.225,0.275,0.275,0.275,5,5,0,5,5,10,2,2,1,1,1,1,1,1,1,1,1,1,2,2,1,1,1,1,1,1,1,1,1,1,2,2,1,1,1,1,1,1,1,1,1,1,2,2,1,1,1,1,1,1,1,1,1,1,2,2,1,1,1,1,1,1,1,1,1,1,2,2,1,1,1,1,1,1,1,1,1,1,2,2,2,1,1,1,2,2,1,1,1,1,2,2,2,2,1,1,2,2,1,2,2,2,2,2,2,2,2,1,2,2,2,2,2,2,2,2,2,2,2,2,2,2,2,2,2,2,2,2,2,2,2,2,2,2,2,2,2,2,2,2,2,2,2,2,2,2,2,2,2,2,1,1,1,1,1,1,1,1,1,1,1,1,2,2,2,2,2,2,2,2,2,2,2,2
63,07-13-2012,8:39:11 PM,1,0,0,0.325,0.325,0.025,0.025,0.025,0.225,0.375,0.325,0.475,0.025,0.225,0.375,0.275,0.225,0,0,0,0,0,10,1,1,1,1,1,1,1,1,1,1,1,1,1,1,1,1,1,1,1,1,1,1,1,1,1,1,1,1,1,1,1,1,1,1,1,1,2,1,1,1,1,1,2,1,1,1,1,1,1,1,1,1,1,1,2,1,1,2,1,1,1,1,1,1,2,2,2,1,1,1,1,1,2,2,1,1,2,1,2,1,1,2,1,1,2,2,1,1,2,2,2,1,1,2,2,1,2,2,1,2,2,2,2,1,2,2,2,2,2,2,1,2,2,2,2,1,2,2,2,2,2,2,1,2,2,2,2,1,2,2,2,2,2,2,1,2,2,2,2,1,2,2,2,2,1,1,1,1,1,1,1,1,1,1,1,1,1,1,1,2,1,1,1,1,1,1,1,1
64,07-13-2012,8:39:12 PM,1,5,5,0.75,0.65,0.125,0.275,0.5125,0.075,0.575,0.025,0.025,0.275,0.025,0.75,0.075,0.125,2,5,4,5,0,10,2,2,2,1,2,1,1,1,2,2,2,2,2,1,1,1,1,1,1,1,1,2,1,2,1,2,2,2,2,1,2,1,2,1,1,1,2,2,1,1,1,1,1,1,1,2,2,1,2,1,2,1,2,1,2,1,2,2,1,1,2,2,1,2,2,1,1,1,1,2,1,1,1,2,2,2,1,1,1,2,2,1,1,1,2,2,2,1,2,2,1,1,1,2,1,1,2,2,2,1,2,1,1,2,1,2,1,1,2,2,2,1,1,1,1,2,2,2,1,1,1,2,1,1,2,1,1,1,1,1,1,2,2,2,2,2,1,1,1,2,1,2,2,2,1,1,1,1,1,2,1,1,1,1,1,1,2,1,1,2,1,2,1,2,2,2,2,2
65,07-13-2012,8:39:14 PM,1,0,0,0.375,0.025,0.025,0.025,0.025,0.275,0.475,0.75,0.75,0.025,0.225,0.475,0.75,0.75,0,0,0,0,0,0,1,1,1,1,1,2,2,1,1,1,2,2,1,1,1,1,1,2,2,1,1,1,2,2,1,1,1,1,1,2,2,1,1,1,2,2,1,1,1,1,2,2,2,1,1,2,2,2,1,1,1,1,2,2,2,1,2,2,2,2,2,1,1,1,2,2,2,1,1,2,2,2,2,1,1,1,2,2,2,1,1,2,2,2,2,1,1,2,2,2,2,1,1,2,2,2,2,1,1,2,2,2,2,1,2,2,2,2,2,1,1,2,2,2,2,1,2,2,2,2,2,1,1,2,2,2,2,1,2,2,2,2,2,1,1,2,2,2,2,1,2,2,2,2,1,1,1,1,1,1,1,1,1,1,1,1,1,1,1,1,1,1,1,1,1,1,1,1
66,07-13-2012,8:39:16 PM,1,0,2.5,0.025,0.025,0.025,0.025,0.025,0.125,0.225,0.225,0.025,0.025,0.075,0.175,0.075,0.025,0,0,0,0,0,10,1,1,1,1,1,1,1,1,1,1,1,1,1,1,1,1,1,1,1,1,1,1,1,1,1,1,1,1,1,1,1,1,1,1,1,1,1,1,1,1,1,1,1,1,1,1,1,1,1,1,1,1,1,1,1,1,1,1,1,1,1,1,1,1,1,1,1,1,1,1,1,1,1,1,1,1,1,1,1,1,1,1,1,1,1,1,1,1,1,1,1,1,1,1,1,1,1,1,1,1,2,2,1,1,1,1,1,1,1,1,1,1,2,2,1,1,1,2,1,1,1,1,1,2,2,2,1,1,1,2,1,1,1,1,1,2,2,2,1,1,2,2,2,1,1,1,1,1,1,1,1,1,1,1,1,1,1,1,1,1,1,1,1,1,1,1,1,1
67,07-13-2012,8:39:25 PM,1,0,0,0.025,0.025,0.025,0.025,0.025,0.175,0.325,0.225,0.375,0.025,0.225,0.375,0.275,0.425,0,0,0,0,0,10,1,1,1,1,1,1,1,1,1,1,1,1,1,1,1,1,1,1,1,1,1,1,1,1,1,1,1,1,1,1,1,1,1,1,1,1,1,1,1,1,1,1,1,1,1,1,1,1,1,1,1,1,1,1,1,1,1,1,1,2,1,1,1,1,1,1,2,1,1,2,1,2,1,1,1,1,2,1,2,1,1,2,1,2,1,1,1,1,2,1,2,1,1,2,2,2,1,1,1,1,2,2,2,1,2,2,2,2,1,1,1,2,2,2,2,1,2,2,2,2,1,1,1,2,2,2,2,1,2,2,2,2,1,1,1,1,2,2,2,1,2,2,2,2,1,1,1,1,1,1,1,1,1,1,1,1,1,1,1,1,1,1,1,1,1,1,1,1
68,07-13-2012,8:39:30 PM,1,5,0,0.025,0.225,0.275,0.325,0.225,0.175,0.225,0.375,0.65,0.175,0.225,0.225,0.475,0.55,0,0,0,0,0,0,1,1,1,1,1,1,1,1,1,1,1,1,1,1,1,1,1,1,2,1,1,1,1,1,1,1,1,1,1,1,2,1,1,1,1,2,1,1,1,1,1,1,2,1,1,1,2,2,1,1,1,1,1,1,2,1,1,1,2,2,1,1,1,1,1,2,2,1,1,1,2,2,1,1,1,1,1,2,2,1,1,1,2,2,1,1,1,1,1,2,2,1,1,1,2,2,1,2,2,1,2,2,2,2,2,2,2,2,1,2,2,2,2,2,2,1,2,2,2,2,1,2,2,2,2,2,2,2,2,2,2,2,1,2,2,2,2,2,2,2,2,2,2,2,1,1,1,1,1,1,1,1,1,1,1,1,1,2,2,2,2,2,2,1,2,2,2,2
69,07-13-2012,9:47:30 PM,1,2.5,0,0.225,0.225,0.225,0.225,0.125,0.275,0.75,0.75,0.75,0.175,0.275,0.75,0.75,0.75,4,2,0,0,0,10,1,1,1,1,2,2,2,1,1,2,2,2,1,1,1,1,2,2,2,1,1,2,2,2,1,1,1,1,2,2,2,1,1,2,2,2,1,1,1,1,2,2,2,1,1,2,2,2,1,1,1,1,2,2,2,1,1,2,2,2,1,1,1,1,2,2,2,1,1,2,2,2,1,1,1,1,2,2,2,1,1,2,2,2,1,1,1,2,2,2,2,1,2,2,2,2,2,2,1,2,2,2,2,1,2,2,2,2,2,2,1,2,2,2,2,2,2,2,2,2,2,2,2,2,2,2,2,2,2,2,2,2,2,2,2,2,2,2,2,2,2,2,2,2,1,1,1,1,1,1,1,1,1,1,1,1,1,1,1,1,2,2,2,2,2,2,2,2
70,07-13-2012,9:47:30 PM,1,0,0,0.475,0.5625,0.025,0.025,0.275,0.225,0.225,0.225,0.225,0.225,0.225,0.225,0.225,0.225,0,0,0,0,0,0,1,1,1,1,1,1,1,1,1,1,1,1,1,2,1,1,1,1,1,1,1,1,1,1,1,1,1,1,1,1,1,1,1,1,1,1,2,2,1,1,1,1,1,1,1,1,1,1,2,2,1,1,1,1,1,1,1,1,1,1,2,2,1,1,1,1,1,1,1,1,1,1,2,2,1,1,1,1,1,1,1,1,1,1,2,2,2,2,1,1,1,1,1,1,1,1,2,2,2,1,2,2,2,2,2,2,2,2,2,2,2,2,2,2,2,2,2,2,2,2,2,2,2,2,2,2,2,2,2,2,2,2,2,2,2,2,2,2,2,2,2,2,2,2,1,1,1,1,1,1,1,1,1,1,1,1,1,1,1,1,1,1,1,1,1,1,1,1
71,07-13-2012,9:47:30 PM,1,0,2.5,0.55,0.55,0.55,0.65,0.55,0.55,0.65,0.75,0.75,0.55,0.55,0.65,0.75,0.75,0,0,0,5,0,0,1,1,1,1,1,2,2,1,1,1,2,2,1,1,1,1,2,2,2,1,1,2,2,2,2,2,2,2,2,2,2,2,2,2,2,2,2,2,2,2,2,2,2,2,2,2,2,2,2,2,2,2,2,2,2,2,2,2,2,2,2,2,2,2,2,2,2,2,2,2,2,2,2,2,2,2,2,2,2,2,2,2,2,2,2,2,2,2,2,2,2,2,2,2,2,2,2,2,2,2,2,2,2,2,2,2,2,2,2,2,2,2,2,2,2,2,2,2,2,2,2,2,2,2,2,2,2,2,2,2,2,2,2,2,2,2,2,2,2,2,2,2,2,2,1,2,1,1,2,2,2,2,2,2,2,2,2,2,2,2,2,2,2,2,2,2,2,2
72,07-13-2012,9:47:31 PM,1,5,0,0.025,0.025,0.025,0.025,0.025,0.375,0.225,0.225,0.225,0.375,0.225,0.275,0.225,0.275,0,0,0,0,0,0,1,1,1,1,1,1,1,1,1,1,1,1,1,1,1,1,1,1,1,1,1,1,1,1,1,1,1,1,1,1,1,1,1,1,1,1,1,1,1,1,1,1,1,1,1,1,1,1,1,1,1,2,2,1,1,1,1,1,1,1,1,1,1,1,1,2,1,2,1,1,2,1,1,1,1,2,1,1,1,2,1,1,1,2,1,1,1,2,1,1,1,1,1,2,1,1,1,1,1,2,2,2,2,2,2,2,2,2,1,1,1,2,2,2,2,2,2,2,2,2,1,1,1,2,2,2,2,1,2,2,2,2,1,1,1,2,2,2,2,2,2,2,2,2,1,1,1,1,1,1,1,1,1,1,1,1,1,1,1,1,1,1,1,1,1,1,1,1
73,07-13-2012,9:47:31 PM,1,2.5,2.5,0.475,0.75,0.275,0.225,0.375,0.325,0.175,0.075,0.025,0.325,0.55,0.475,0.125,0.025,1,0,0,0,0,0,1,2,1,1,1,1,1,1,1,1,1,1,1,2,1,1,1,1,1,1,1,1,1,1,1,2,1,1,1,1,1,1,2,1,1,1,2,2,1,1,1,1,1,1,2,2,1,1,2,2,1,1,1,1,1,1,2,2,1,1,2,2,2,1,1,1,1,1,2,1,1,1,2,2,2,2,1,1,1,2,2,2,1,1,2,2,2,2,1,1,1,2,2,2,1,1,2,2,2,2,1,1,1,2,2,2,1,1,2,2,2,2,2,1,1,2,2,2,2,1,2,2,2,2,2,1,1,2,2,2,1,1,2,2,2,2,2,2,1,2,2,2,2,1,1,1,1,1,1,1,1,1,1,1,1,1,1,1,2,1,2,2,2,2,2,2,2,2
74,07-13-2012,9:47:31 PM,1,7.5,5,0.75,0.75,0.025,0.75,0.125,0.75,0.55,0.75,0.025,0.025,0.025,0.025,0.025,0.025,5,0,5,0,0,10,2,2,1,2,1,2,1,1,1,1,1,1,2,2,1,2,1,2,1,1,1,1,1,1,2,2,1,2,2,2,1,1,1,1,1,1,2,2,1,2,2,2,1,2,1,1,1,1,2,2,2,2,1,1,1,1,1,1,1,1,2,2,1,2,2,2,1,1,1,1,1,1,2,2,1,2,1,2,1,1,1,1,1,1,2,2,1,2,2,2,1,1,1,1,1,1,2,2,1,2,2,2,1,1,1,1,1,1,2,2,1,2,2,2,1,1,1,1,1,1,2,2,2,2,2,2,1,1,1,1,1,1,2,2,2,2,2,2,1,1,1,1,1,1,1,2,1,2,1,2,1,2,1,2,1,2,1,2,1,2,1,2,1,2,1,2,1,2
75,07-13-2012,9:47:33 PM,1,0,5,0.075,0.025,0.125,0.125,0.125,0.125,0.125,0.125,0.125,0.125,0.125,0.125,0.125,0.125,0,0,0,0,0,0,1,1,1,1,1,1,1,1,1,1,1,1,1,1,1,1,1,1,1,1,1,1,1,1,1,1,1,1,1,1,1,1,1,1,1,1,1,1,1,1,1,1,1,1,1,1,1,1,1,1,1,1,1,1,1,1,1,1,1,1,1,1,1,1,1,1,1,1,1,1,1,1,1,1,1,1,1,1,1,1,1,1,1,1,1,1,1,1,1,1,1,1,1,1,1,1,1,1,1,1,1,1,1,1,1,1,1,1,1,1,1,1,1,1,1,1,1,1,1,1,1,1,2,2,2,2,2,2,2,2,2,2,2,1,2,2,2,2,2,2,2,2,2,2,1,1,1,1,1,1,1,1,1,1,1,1,1,1,1,1,1,1,1,1,2,2,2,2
76,07-13-2012,9:47:35 PM,1,2.5,2.5,0.75,0.65,0.425,0.475,0.225,0.375,0.5625,0.75,0.75,0.175,0.275,0.425,0.75,0.75,0,0,0,0,0,0,2,1,1,1,1,2,2,1,1,1,2,2,2,2,1,1,2,2,2,1,1,1,2,2,2,2,1,1,1,2,2,1,1,1,2,2,2,2,1,1,2,2,2,1,1,1,2,2,2,2,1,1,2,2,1,1,1,2,2,2,2,2,1,2,2,2,2,1,1,2,2,2,2,2,1,2,2,2,2,1,1,2,2,2,2,2,1,2,2,2,2,1,2,2,2,2,2,2,2,2,2,2,2,1,2,2,2,2,2,2,2,2,2,2,2,2,2,2,2,2,2,2,2,2,2,2,2,2,2,2,2,2,2,2,2,2,2,2,2,2,2,2,2,2,1,1,1,1,1,1,1,2,2,2,2,2,2,2,2,2,2,2,2,2,2,2,2,2
77,07-13-2012,9:47:47 PM,1,2.5,2.5,0.55,0.475,0.475,0.475,0.125,0.275,0.475,0.65,0.75,0.125,0.275,0.5625,0.5625,0.75,0,0,0,0,0,10,1,1,1,1,1,1,2,1,1,1,1,2,1,1,1,1,1,2,2,1,1,2,2,2,2,1,1,1,1,2,2,1,1,1,1,2,2,2,1,1,2,2,2,1,1,2,2,2,2,2,1,1,2,2,2,1,1,2,2,2,2,2,1,1,2,2,2,1,1,2,2,2,2,2,1,1,2,2,2,1,1,2,2,2,2,2,1,2,2,2,2,1,2,2,2,2,2,2,1,2,2,2,2,1,2,2,2,2,2,2,1,2,2,2,2,1,2,2,2,2,2,2,2,2,2,2,2,2,2,2,2,2,2,2,2,2,2,2,2,2,2,2,2,2,1,1,1,1,1,1,2,2,2,2,2,2,2,2,2,2,2,2,2,2,2,2,2,2
78,07-19-2012,6:57:51 PM,1,2.5,5,0.75,0.65,0.125,0.025,0.025,0.225,0.475,0.325,0.325,0.025,0.225,0.475,0.65,0.075,0,0,0,0,0,10,2,1,1,1,1,1,1,1,1,1,1,1,2,2,1,1,1,2,1,1,1,1,2,1,2,2,1,1,1,1,1,1,1,1,2,1,2,2,1,1,2,1,1,1,1,2,2,1,2,2,1,1,2,2,1,1,1,2,2,1,2,2,1,1,2,1,1,1,1,2,2,1,2,2,1,1,2,2,2,1,1,2,2,1,2,2,1,1,2,1,2,1,1,2,2,1,2,2,1,2,2,2,2,1,2,2,2,1,2,2,1,2,2,2,2,1,2,2,2,1,2,2,1,2,2,2,2,1,2,2,2,1,2,2,1,2,2,2,2,1,2,2,2,2,1,1,2,1,1,1,1,1,2,1,1,1,1,1,1,1,2,1,1,1,2,1,1,1
79,07-19-2012,6:59:07 PM,1,5,5,0.75,0.65,0.375,0.325,0.75,0.375,0.75,0.325,0.425,0.025,0.225,0.225,0.375,0.425,0,3,3,3,0,0,2,2,2,1,2,1,1,1,1,1,1,1,2,1,2,1,2,1,1,1,1,1,1,1,2,2,2,1,2,1,1,1,1,1,1,1,2,2,2,1,2,1,1,1,1,1,1,1,2,2,2,1,2,1,2,1,1,1,1,2,2,2,2,2,2,1,2,1,1,2,2,2,2,2,2,2,2,2,2,1,1,1,2,2,2,2,2,2,2,2,2,1,1,1,2,2,2,2,2,2,2,2,2,1,2,2,2,2,2,2,2,2,2,2,2,1,2,2,2,2,2,2,2,2,2,2,2,1,1,2,2,2,2,2,2,2,2,2,2,1,2,1,2,2,1,1,2,1,1,1,1,1,1,1,2,1,2,2,2,2,2,2,2,2,2,2,2,2
80,07-19-2012,7:00:09 PM,1,2.5,5,0.175,0.475,0.225,0.225,0.225,0.275,0.225,0.225,0.225,0.225,0.175,0.225,0.325,0.275,1,1,0,0,0,10,1,1,1,1,1,1,1,1,1,1,1,1,1,1,1,1,1,1,1,1,1,1,1,1,1,1,1,1,1,1,1,1,1,1,1,1,1,2,1,1,1,1,1,1,1,1,1,1,1,2,1,1,1,1,1,1,1,1,1,1,1,1,1,1,1,1,1,1,1,1,2,1,1,2,1,1,1,1,1,1,1,1,1,1,1,2,1,2,1,1,1,1,1,1,2,2,2,2,2,2,2,2,2,2,1,2,2,2,1,2,2,2,2,2,2,2,2,2,2,2,2,2,2,2,2,2,1,2,2,1,2,2,2,2,2,2,2,2,2,2,2,2,2,1,1,1,1,1,1,1,1,1,1,1,1,1,1,1,1,1,2,2,2,2,2,2,2,2
81,07-19-2012,7:01:28 PM,1,5,2.5,0.425,0.325,0.025,0.025,0.025,0.275,0.475,0.75,0.75,0.225,0.025,0.025,0.025,0.025,0,0,0,0,0,0,1,1,1,1,1,2,2,1,1,1,1,1,1,1,1,1,1,2,2,1,1,1,1,1,1,1,1,1,1,2,2,1,1,1,1,1,1,1,1,1,2,2,2,1,1,1,1,1,2,1,1,1,2,2,2,1,1,1,1,1,2,2,1,1,2,2,2,1,1,1,1,1,2,1,1,1,2,2,2,1,1,1,1,1,2,2,1,2,2,2,2,1,1,1,1,1,2,2,1,2,2,2,2,2,1,1,1,1,2,2,1,2,2,2,2,2,1,1,1,1,2,2,1,2,2,2,2,1,1,1,1,1,2,2,1,2,2,2,2,2,1,1,1,1,1,1,1,1,1,1,1,1,1,1,1,1,1,1,1,1,1,1,1,1,1,1,1,1
82,07-19-2012,7:02:01 PM,1,0,2.5,0.425,0.55,0.025,0.025,0.025,0.225,0.5625,0.55,0.475,0.075,0.175,0.325,0.375,0.375,0,0,0,0,0,10,1,1,1,1,1,1,1,1,1,1,1,1,1,1,1,1,2,1,1,1,1,1,1,1,1,2,1,1,1,2,1,1,1,1,2,1,1,2,1,1,2,2,2,1,1,1,1,1,2,2,1,1,2,2,2,1,1,1,1,2,2,2,1,1,2,2,2,1,1,1,2,1,2,2,1,1,2,2,2,1,1,2,2,2,2,2,1,1,2,2,2,1,1,2,2,2,2,2,1,2,2,2,2,1,2,2,2,2,2,2,1,2,2,2,2,1,1,2,2,2,2,2,1,2,2,1,2,2,2,2,2,2,2,2,1,2,2,2,2,1,2,2,2,2,1,1,1,1,1,1,1,1,1,1,1,1,1,1,1,1,1,1,1,1,1,1,1,1
83,07-19-2012,7:02:55 PM,1,5,5,0.75,0.75,0.55,0.55,0.65,0.325,0.425,0.375,0.65,0.225,0.375,0.475,0.475,0.55,0,0,0,0,0,10,2,2,1,1,1,1,1,1,1,1,1,1,2,2,2,1,1,1,2,1,1,1,1,1,2,2,2,1,1,1,2,1,1,1,1,2,2,2,2,1,1,1,1,1,1,2,2,2,2,2,2,1,2,1,2,1,1,2,2,1,2,2,2,1,2,2,2,1,2,2,2,2,2,2,2,2,2,2,2,1,2,2,2,2,2,2,2,2,2,2,2,2,2,2,2,2,2,2,2,2,2,2,2,1,2,2,2,2,2,2,2,2,2,2,2,2,2,2,2,2,2,2,2,2,2,2,2,2,2,2,2,2,2,2,2,2,2,2,2,2,2,2,2,2,1,1,1,1,2,2,2,2,2,2,2,2,2,2,2,2,2,2,2,2,2,2,2,2
84,07-19-2012,7:31:36 PM,1,0,5,0.325,0.125,0.025,0.025,0.75,0.75,0.75,0.75,0.025,0.75,0.75,0.75,0.75,0.025,0,0,0,0,0,10,1,1,2,2,2,2,1,2,2,2,2,1,1,1,2,2,2,2,1,2,2,2,2,1,1,1,2,2,2,2,1,2,2,2,2,1,1,2,2,2,2,2,1,2,2,2,2,1,1,2,2,2,2,2,1,2,2,2,2,1,1,1,2,2,2,2,1,2,2,2,2,1,2,1,2,2,2,2,1,2,2,2,2,1,2,1,2,2,2,2,1,2,2,2,2,1,2,1,2,2,2,2,1,2,2,2,2,1,2,2,2,2,2,2,1,2,2,2,2,1,2,1,2,2,2,2,1,2,2,2,2,1,2,2,2,2,2,2,1,2,2,2,2,1,1,1,1,1,1,1,1,1,1,1,1,1,1,1,1,1,1,1,1,1,1,1,1,1
85,07-19-2012,7:31:38 PM,1,2.5,0,0.75,0.75,0.225,0.541666667,0.75,0.75,0.75,0.75,0.75,0.75,0.4625,0.75,0.75,0.75,5,1,5,5,5,10,2,2,2,2,2,2,2,2,2,2,2,2,2,2,2,2,2,2,2,2,1,2,2,2,2,2,2,2,2,2,2,2,2,2,2,2,2,2,2,2,2,2,2,2,2,2,2,2,2,2,2,2,2,2,2,2,1,2,2,2,2,2,2,2,2,2,2,2,1,2,2,2,2,2,2,2,2,2,2,2,2,2,2,2,2,2,2,2,2,2,2,2,1,2,2,2,2,2,2,2,2,2,2,2,2,2,2,2,2,2,2,2,2,2,2,2,2,2,2,2,2,2,2,2,2,2,2,2,2,2,2,2,2,2,2,2,2,2,2,2,2,2,2,2,2,2,2,1,1,2,1,2,2,1,1,1,1,2,1,2,2,2,2,2,2,1,1,2
86,07-19-2012,7:32:57 PM,1,0,2.5,0.025,0.275,0.025,0.025,0.025,0.225,0.475,0.75,0.75,0.025,0.225,0.475,0.75,0.75,0,0,0,0,0,0,1,1,1,1,1,2,2,1,1,1,2,2,1,1,1,1,1,2,2,1,1,1,2,2,1,1,1,1,1,2,2,1,1,1,2,2,1,1,1,1,2,2,2,1,1,2,2,2,1,1,1,1,2,2,2,1,1,2,2,2,1,1,1,1,2,2,2,1,1,2,2,2,1,1,1,1,2,2,2,1,1,2,2,2,1,2,1,1,2,2,2,1,1,2,2,2,1,2,1,2,2,2,2,1,2,2,2,2,1,2,1,2,2,2,2,1,2,2,2,2,1,2,1,2,2,2,2,1,2,2,2,2,1,2,1,2,2,2,2,1,2,2,2,2,1,1,1,1,1,1,1,1,1,1,1,1,1,1,1,1,1,1,1,1,1,1,1,1
87,07-19-2012,8:39:55 PM,1,0,10,0.475,0.55,0.225,0.175,0.325,0.275,0.225,0.225,0.325,0.275,0.275,0.225,0.225,0.375,0,0,0,0,0,0,1,1,1,1,1,1,1,1,1,1,1,1,1,1,1,1,1,1,1,1,1,1,1,1,1,2,1,1,1,1,1,1,1,1,1,1,2,2,1,1,1,1,1,1,1,1,1,1,2,2,1,1,1,1,1,1,1,1,1,1,2,2,2,1,1,1,1,1,1,1,1,2,2,2,1,1,1,1,2,1,1,1,1,2,2,2,2,2,1,1,2,2,2,1,1,2,2,2,2,2,2,2,2,2,2,2,2,2,2,2,2,2,2,2,2,2,2,2,2,2,2,2,2,2,2,2,2,2,2,2,2,2,2,2,2,2,2,2,2,2,2,2,2,2,1,1,1,1,1,1,1,1,1,1,1,1,1,1,1,1,2,1,2,2,2,2,2,2
88,07-19-2012,8:39:57 PM,1,2.5,0,0.025,0.075,0.025,0.025,0.025,0.025,0.55,0.025,0.025,0.025,0.5625,0.75,0.025,0.025,0,2,5,4,2,0,1,1,1,1,1,1,1,1,1,2,1,1,1,1,1,1,1,1,1,1,2,2,1,1,1,1,1,1,2,1,1,1,1,2,1,1,1,2,1,1,2,1,1,1,2,2,1,1,1,2,2,1,2,1,1,1,2,1,1,1,1,1,1,1,2,1,1,1,1,2,1,1,1,1,1,1,2,1,1,1,2,2,1,1,1,1,1,1,2,1,1,1,1,2,1,1,1,2,1,1,2,1,1,1,2,2,1,1,1,1,1,1,2,1,1,1,2,2,1,1,1,1,1,1,2,1,1,1,2,2,1,1,1,2,1,1,1,1,1,1,1,2,1,1,1,1,1,1,1,1,1,1,1,1,1,1,1,1,1,1,1,1,1,1,1,1,1,1
89,07-19-2012,8:39:58 PM,1,2.5,0,0.025,0.025,0.025,0.025,0.025,0.025,0.025,0.025,0.025,0.025,0.025,0.025,0.025,0.025,0,0,0,0,0,0,1,1,1,1,1,1,1,1,1,1,1,1,1,1,1,1,1,1,1,1,1,1,1,1,1,1,1,1,1,1,1,1,1,1,1,1,1,1,1,1,1,1,1,1,1,1,1,1,1,1,1,1,1,1,1,1,1,1,1,1,1,1,1,1,1,1,1,1,1,1,1,1,1,1,1,1,1,1,1,1,1,1,1,1,1,1,1,1,1,1,1,1,1,1,1,1,1,1,1,1,1,1,1,1,1,1,1,1,1,1,1,1,1,1,1,1,1,1,1,1,1,1,1,1,1,1,1,1,1,1,1,1,1,1,1,1,1,1,1,1,1,1,1,1,1,1,1,1,1,1,1,1,1,1,1,1,1,1,1,1,1,1,1,1,1,1,1,1
90,07-19-2012,8:39:59 PM,1,2.5,5,0.125,0.375,0.175,0.225,0.025,0.375,0.325,0.475,0.475,0.225,0.275,0.225,0.475,0.375,3,3,2,1,0,0,1,1,1,1,1,1,1,1,1,1,1,1,1,1,1,1,1,1,1,1,1,1,1,1,1,1,1,1,1,1,1,1,1,1,1,2,1,2,1,1,1,2,2,1,1,1,2,1,1,2,1,1,1,2,2,1,1,1,2,1,1,1,1,2,2,2,1,1,1,1,2,2,1,1,1,2,1,2,2,1,1,1,2,2,1,2,1,1,2,2,2,1,2,1,2,2,1,2,1,2,2,2,2,2,2,2,2,2,2,2,2,2,2,2,2,2,2,2,2,2,1,2,1,1,2,2,2,2,2,2,2,2,2,2,1,2,2,2,2,2,2,2,2,2,1,1,1,1,1,1,1,1,1,1,1,1,1,1,1,1,1,2,2,2,2,2,2,2
91,07-19-2012,8:40:00 PM,1,5,2.5,0.175,0.75,0.475,0.475,0.075,0.125,0.225,0.375,0.325,0.075,0.175,0.225,0.325,0.325,0,0,0,0,0,10,1,2,1,1,1,1,1,1,1,1,1,1,1,2,1,1,1,1,1,1,1,1,1,1,1,2,1,1,1,1,1,1,1,1,1,1,1,2,1,1,1,1,1,1,1,1,1,1,1,2,1,1,1,1,1,1,1,1,1,1,2,2,1,1,1,2,1,1,1,1,1,1,1,2,1,1,1,2,2,1,1,1,2,2,1,2,1,1,1,2,2,1,1,1,2,2,2,2,1,1,2,2,2,1,1,2,2,2,1,2,1,1,2,2,2,1,2,2,2,2,2,2,1,2,2,2,2,1,2,2,2,2,2,2,2,2,2,2,2,2,2,2,2,2,1,1,1,1,1,1,2,2,2,2,2,2,2,2,2,2,2,2,2,2,2,2,2,2
92,07-19-2012,8:40:00 PM,1,5,2.5,0.325,0.275,0.275,0.225,0.025,0.225,0.225,0.325,0.325,0.025,0.275,0.225,0.275,0.225,0,0,0,0,0,10,1,1,1,1,1,1,1,1,1,1,1,1,1,1,1,1,1,1,1,1,1,1,1,1,1,1,1,1,1,1,1,1,1,1,1,1,1,1,1,1,1,1,1,1,1,1,1,1,1,1,1,1,1,1,1,1,1,1,1,1,1,1,1,1,1,1,1,1,1,1,1,1,2,1,1,1,1,2,2,1,1,1,1,1,2,2,1,1,1,2,2,1,2,1,2,1,2,2,1,2,2,2,2,1,2,2,2,2,2,2,1,2,2,2,2,1,2,2,2,2,2,2,1,2,2,2,2,1,2,2,2,2,2,2,1,2,2,2,2,1,2,2,2,2,1,1,1,1,1,1,1,1,1,1,1,1,1,1,2,1,2,2,2,2,2,2,2,2
93,07-20-2012,5:55:19 PM,0,0,2.5,0.025,0.025,0.025,0.025,0.425,0.425,0.75,0.275,0.125,0.65,0.425,0.55,0.5625,0.475,5,0,0,0,0,10,1,1,1,1,2,1,1,1,1,1,1,2,1,1,1,2,2,1,1,2,2,1,2,1,1,1,1,1,2,1,1,2,1,2,1,1,1,1,1,1,2,1,1,2,1,2,2,2,1,1,2,2,2,1,1,2,2,2,2,2,1,1,2,2,2,1,1,2,2,2,2,2,1,1,2,2,2,2,1,2,2,2,2,2,1,1,2,2,2,1,1,2,2,2,2,2,1,1,2,2,2,2,1,2,2,2,2,2,1,1,2,2,2,2,1,2,2,2,2,2,1,1,2,2,2,2,2,2,2,2,2,2,1,1,2,2,2,2,2,2,2,2,2,2,1,1,1,1,1,1,1,1,1,1,1,1,1,1,1,1,1,1,1,1,1,1,1,1
94,07-20-2012,5:55:19 PM,0,7.5,0,0.475,0.375,0.475,0.475,0.125,0.125,0.075,0.75,0.75,0.375,0.175,0.225,0.075,0.075,2,3,3,0,0,0,1,1,1,2,1,2,2,2,2,1,2,2,1,1,1,2,1,2,2,1,2,2,2,2,1,1,1,1,1,2,2,1,2,2,2,1,2,1,1,2,1,2,2,1,1,1,2,2,2,2,1,1,1,2,2,2,1,1,1,1,2,1,2,1,1,2,2,1,1,1,1,1,2,2,1,1,1,2,2,2,1,1,2,1,2,2,1,1,1,1,2,2,1,1,1,1,2,2,1,1,1,2,2,1,1,2,1,2,2,2,1,1,1,1,2,2,2,2,1,1,2,2,2,2,1,2,2,1,2,2,1,1,2,2,2,2,2,2,2,2,2,2,2,2,1,1,1,1,1,1,2,2,2,2,2,2,2,2,2,2,2,2,2,2,2,2,2,2
95,07-20-2012,5:55:20 PM,0,2.5,2.5,0.025,0.025,0.025,0.025,0.025,0.125,0.275,0.025,0.025,0.175,0.025,0.125,0.025,0.025,2,5,1,2,0,10,1,1,1,1,1,1,1,1,1,1,1,1,1,1,1,1,1,1,1,1,1,1,1,1,1,1,1,1,1,1,1,1,1,1,1,1,1,1,1,1,2,1,1,1,1,1,1,1,1,1,2,1,1,1,1,1,1,1,1,1,1,1,1,1,1,1,2,1,1,1,1,1,1,1,1,1,2,1,1,1,1,1,1,1,1,1,1,1,1,1,1,1,1,1,1,1,1,1,1,1,2,1,1,1,1,1,1,1,1,1,1,1,2,1,1,2,1,2,1,1,1,1,1,2,1,1,1,2,1,1,1,1,1,1,1,2,2,1,1,2,1,2,1,1,1,1,1,1,1,1,1,1,1,1,1,1,1,1,1,1,1,1,1,1,1,1,1,1
96,07-20-2012,5:55:20 PM,0,5,5,0.025,0.025,0.025,0.025,0.025,0.025,0.025,0.025,0.025,0.025,0.025,0.025,0.025,0.025,2,2,0,0,0,0,1,1,1,1,1,1,1,1,1,1,1,1,1,1,1,1,1,1,1,1,1,1,1,1,1,1,1,1,1,1,1,1,1,1,1,1,1,1,1,1,1,1,1,1,1,1,1,1,1,1,1,1,1,1,1,1,1,1,1,1,1,1,1,1,1,1,1,1,1,1,1,1,2,1,1,1,1,1,1,1,1,1,1,1,1,1,1,1,1,1,1,1,1,1,1,1,1,1,1,1,1,1,1,1,1,1,1,2,1,1,1,1,1,1,1,1,1,1,1,1,1,1,1,1,1,1,1,1,1,1,1,1,1,1,1,1,1,1,1,1,1,1,1,1,1,1,1,1,1,1,1,1,1,1,1,1,1,1,1,1,1,1,1,1,1,1,1,1
97,07-20-2012,5:55:20 PM,0,2.5,0,0.275,0.475,0.275,0.275,0.325,0.325,0.325,0.325,0.275,0.325,0.325,0.425,0.275,0.325,0,0,0,0,0,0,1,1,1,1,1,1,1,1,1,1,1,1,1,1,1,1,1,1,1,1,1,1,1,1,1,1,1,1,1,1,1,1,1,1,1,1,1,2,1,1,1,1,1,1,1,1,1,1,1,2,1,1,1,1,1,1,1,2,1,2,1,2,1,1,1,1,1,1,1,2,1,1,2,1,2,2,2,2,1,2,2,1,1,2,1,2,2,2,2,2,2,2,2,2,2,1,2,2,2,2,2,2,2,2,2,2,2,2,2,2,2,2,2,2,2,2,2,2,2,2,2,2,2,2,2,2,2,2,2,2,2,2,2,2,2,2,2,2,2,2,2,2,2,2,1,1,1,1,1,1,1,1,1,1,1,1,1,1,2,2,2,2,2,2,2,2,2,2
98,07-20-2012,5:55:21 PM,0,2.5,0,0.225,0.275,0.225,0.275,0.025,0.175,0.375,0.325,0.425,0.175,0.175,0.375,0.375,0.375,0,0,0,0,0,10,1,1,1,1,1,1,1,1,1,1,1,1,1,1,1,1,1,1,1,1,1,1,1,1,1,1,1,1,1,1,1,1,1,1,1,1,1,1,1,1,1,1,1,1,1,1,1,1,1,1,1,1,1,1,2,1,1,1,1,1,1,1,1,1,2,1,2,1,1,2,2,2,1,1,1,1,2,2,2,1,1,2,2,2,1,2,1,1,2,2,2,1,1,2,2,2,2,2,1,1,2,2,2,1,1,2,2,2,2,2,1,2,2,2,2,2,2,2,2,2,2,2,1,2,2,2,2,2,2,2,2,2,2,2,1,2,2,2,2,2,2,2,2,2,1,1,1,1,1,1,1,1,1,1,1,1,1,1,1,2,2,2,2,2,2,2,2,2
99,07-20-2012,7:43:05 PM,0,5,7.5,0.375,0.425,0.375,0.375,0.225,0.425,0.375,0.425,0.375,0.225,0.225,0.425,0.425,0.4875,5,3,0,0,0,10,1,1,1,1,1,1,1,1,1,1,1,1,1,1,1,1,1,1,1,1,1,1,1,1,1,1,1,1,1,1,1,1,1,1,1,2,1,1,1,1,1,1,1,1,1,1,1,1,2,2,1,2,1,2,1,1,1,2,2,2,1,2,1,2,2,2,2,1,1,2,2,2,2,2,1,2,2,2,2,1,1,2,2,2,2,2,1,1,2,2,2,1,1,2,2,2,2,2,2,2,2,2,2,2,2,2,2,2,2,2,2,2,2,2,2,2,2,2,2,2,2,2,2,2,2,2,2,2,2,2,2,2,2,2,2,2,2,2,2,2,2,2,2,2,1,1,1,1,1,1,1,1,1,1,2,2,2,2,2,2,2,2,2,2,2,2,2,2
100,07-20-2012,7:43:06 PM,0,0,5,0.75,0.75,0.75,0.75,0.65,0.65,0.65,0.75,0.75,0.65,0.65,0.65,0.75,0.75,0,0,0,0,0,10,2,2,1,1,1,2,2,2,1,1,2,2,2,2,2,2,2,2,2,1,2,2,2,2,2,2,2,2,2,2,2,2,2,2,2,2,2,2,2,2,2,2,2,2,2,2,2,2,2,2,2,2,2,2,2,2,2,2,2,2,2,2,2,2,2,2,2,2,2,2,2,2,2,2,2,2,2,2,2,2,2,2,2,2,2,2,2,2,2,2,2,2,2,2,2,2,2,2,2,2,2,2,2,2,2,2,2,2,2,2,2,2,2,2,2,2,2,2,2,2,2,2,2,2,2,2,2,2,2,2,2,2,2,2,2,2,2,2,2,2,2,2,2,2,2,2,2,2,2,2,2,2,2,2,2,2,2,2,2,2,2,2,2,2,2,2,2,2
101,07-20-2012,7:43:07 PM,0,5,0,0.65,0.75,0.55,0.55,0.75,0.55,0.55,0.375,0.475,0.75,0.55,0.55,0.75,0.55,0,0,0,0,0,0,1,2,2,1,1,1,1,2,1,1,2,1,2,2,2,1,1,1,1,2,1,1,2,1,2,2,1,2,2,1,1,2,2,2,2,2,2,2,2,2,2,1,2,2,2,2,2,2,2,2,2,2,2,1,2,2,2,2,2,2,2,2,2,2,2,2,2,2,2,2,2,2,2,2,2,2,2,2,2,2,2,2,2,2,2,2,2,2,2,2,2,2,2,2,2,2,2,2,2,2,2,2,2,2,2,2,2,2,2,2,2,2,2,2,2,2,2,2,2,2,2,2,2,2,2,2,2,2,2,2,2,2,2,2,2,2,2,2,2,2,2,2,2,2,1,1,1,1,2,2,2,2,2,2,2,2,2,2,2,2,2,2,2,2,2,2,2,2
102,07-20-2012,7:43:07 PM,0,5,0,0.025,0.175,0.025,0.025,0.025,0.175,0.325,0.75,0.75,0.025,0.275,0.225,0.225,0.65,3,2,0,0,0,0,1,1,1,1,1,2,2,1,1,1,1,2,1,1,1,1,1,2,2,1,1,1,1,1,1,1,1,1,1,1,2,1,1,1,1,2,1,1,1,1,1,2,2,1,1,1,1,2,1,1,1,1,1,1,2,1,1,1,1,2,1,1,1,1,1,2,2,1,1,1,1,2,1,1,1,1,2,2,2,1,1,1,1,2,1,1,1,1,2,2,2,1,2,1,1,1,1,1,1,1,2,2,1,1,2,2,2,1,1,2,1,2,1,2,2,1,2,2,2,2,1,2,1,2,2,2,2,1,2,2,2,2,1,2,1,2,2,2,1,1,2,2,1,1,1,1,1,1,1,1,1,2,1,1,1,1,1,1,1,1,1,1,1,1,1,1,1,1
103,07-20-2012,7:43:07 PM,0,2.5,0,0.425,0.75,0.025,0.425,0.325,0.325,0.325,0.025,0.025,0.375,0.325,0.325,0.375,0.025,0,0,0,0,0,10,1,2,1,1,1,1,1,1,1,1,1,1,1,2,1,1,1,1,1,1,1,1,1,1,1,2,1,1,1,1,1,1,1,1,1,1,1,2,1,1,1,1,1,1,1,1,1,1,2,2,1,1,1,1,1,2,1,1,1,1,2,2,1,1,1,1,1,1,1,1,2,1,2,2,2,2,2,1,1,2,2,2,2,1,2,2,2,2,2,1,1,2,2,2,1,1,2,2,2,2,2,1,1,2,2,2,2,1,2,2,2,2,2,1,1,2,2,2,2,1,2,2,2,2,2,1,1,2,2,2,1,1,2,2,2,2,2,1,1,2,2,2,2,1,1,1,1,1,1,1,1,1,1,2,1,2,1,2,1,2,1,2,1,2,1,2,1,2
104,07-20-2012,7:43:08 PM,0,2.5,5,0.325,0.375,0.225,0.225,0.225,0.325,0.425,0.475,0.55,0.175,0.325,0.325,0.475,0.55,0,0,0,0,0,0,1,1,1,1,1,1,1,1,1,1,1,1,1,1,1,1,1,1,1,1,1,1,1,1,1,1,1,1,1,1,2,1,1,1,1,2,1,1,1,1,1,2,2,1,1,1,2,2,1,1,1,1,2,2,2,1,1,1,2,2,1,2,1,1,2,2,2,1,1,1,2,2,2,2,1,2,2,2,2,1,2,2,2,2,2,2,1,2,2,2,2,1,2,2,2,2,2,2,2,2,2,2,2,2,2,2,2,2,2,2,2,2,2,2,2,1,2,2,2,2,2,2,2,2,2,2,2,2,2,2,2,2,2,2,2,2,2,2,2,2,2,2,2,2,1,1,1,1,1,1,1,1,1,1,1,1,1,1,1,1,2,2,2,2,2,2,2,2
105,07-20-2012,7:43:08 PM,0,2.5,5,0.375,0.375,0.025,0.025,0.025,0.325,0.025,0.125,0.025,0.025,0.275,0.25,0.075,0.075,3,1,0,0,5,10,1,1,1,1,1,1,1,1,1,1,1,1,1,1,1,1,1,2,1,1,1,1,2,1,1,1,1,1,2,2,1,1,1,1,1,1,1,1,1,1,1,1,1,1,1,2,2,1,1,1,1,1,1,2,1,1,1,2,2,2,2,2,1,1,1,1,1,1,1,1,1,1,2,2,1,2,1,1,1,1,1,1,1,2,2,2,1,2,1,1,1,1,2,2,1,1,2,2,1,1,1,2,1,1,2,1,2,1,2,1,1,2,2,2,1,1,2,2,1,1,2,2,1,2,1,1,1,1,2,1,1,1,2,2,1,2,1,1,1,1,2,2,2,2,1,1,1,1,1,1,1,1,1,1,1,1,1,1,1,1,1,1,1,1,1,1,1,1
106,07-20-2012,7:43:08 PM,0,0,0,0.075,0.025,0.025,0.025,0.025,0.175,0.425,0.475,0.475,0.025,0.025,0.225,0.475,0.475,0,1,0,2,0,10,1,1,1,1,1,1,1,1,1,1,1,1,1,1,1,1,1,1,1,1,1,1,1,1,1,1,1,1,1,1,1,1,1,1,1,1,1,1,1,1,1,2,2,1,1,1,2,2,1,1,1,1,2,2,2,2,1,1,2,2,1,1,1,2,2,2,2,1,1,1,2,2,1,1,1,1,2,2,2,1,1,1,2,2,1,1,1,1,1,2,2,1,1,1,2,2,1,1,1,1,2,2,2,1,1,2,2,2,1,1,1,2,2,2,2,1,1,2,2,2,1,1,1,2,2,2,2,1,1,2,2,2,2,1,1,1,2,2,2,1,1,2,2,2,1,1,1,1,1,1,1,1,1,1,1,1,1,1,1,1,1,1,1,1,1,1,1,1
107,07-20-2012,7:43:09 PM,0,2.5,2.5,0.025,0.025,0.025,0.025,0.175,0.375,0.325,0.475,0.75,0.125,0.175,0.325,0.475,0.75,0,0,0,0,0,0,1,1,1,1,1,1,2,1,1,1,1,2,1,1,1,1,1,1,2,1,1,1,1,2,1,1,1,1,1,1,2,1,1,1,1,2,1,1,1,1,1,2,2,1,1,1,2,2,1,1,1,1,1,2,2,1,1,1,2,2,1,1,1,2,1,2,2,1,1,1,2,2,1,1,1,2,2,2,2,1,1,2,2,2,1,1,1,2,2,2,2,1,1,2,2,2,1,1,1,2,2,2,2,1,1,2,2,2,1,1,2,2,2,2,2,2,2,2,2,2,1,1,2,2,2,2,2,1,2,2,2,2,1,1,2,2,2,2,2,2,2,2,2,2,1,1,1,1,1,1,1,1,1,1,1,1,1,1,1,1,1,1,1,1,1,1,1,1
108,07-20-2012,8:36:06 PM,0,5,0,0.55,0.4875,0.475,0.425,0.475,0.55,0.375,0.375,0.375,0.475,0.425,0.425,0.425,0.375,5,3,2,0,3,10,1,1,1,1,1,1,1,1,1,1,1,1,1,1,1,1,1,1,1,1,1,1,1,1,2,2,1,2,1,1,1,1,1,1,1,1,2,1,2,2,1,1,1,2,1,1,1,1,2,2,2,1,1,1,1,2,2,2,2,1,1,2,2,2,2,2,2,2,2,2,2,2,2,2,2,2,2,2,2,2,2,2,2,2,2,2,2,2,2,2,2,2,2,2,2,2,2,1,2,2,2,2,2,2,2,2,2,2,2,2,2,2,2,2,2,2,2,2,2,2,2,2,2,2,2,2,2,2,2,2,2,2,2,2,2,2,2,2,2,2,2,2,2,2,1,1,1,1,1,1,2,1,2,2,2,2,2,2,2,2,2,2,2,2,2,2,2,2
109,07-20-2012,8:36:08 PM,0,2.5,5,0.325,0.375,0.275,0.175,0.025,0.075,0.225,0.175,0.275,0.125,0.175,0.225,0.225,0.275,4,4,2,4,3,10,1,1,1,1,1,1,1,1,1,1,1,1,1,1,1,1,1,1,1,1,1,1,1,1,1,1,1,1,1,1,1,1,1,1,1,1,1,1,1,1,1,1,1,1,1,1,1,1,1,1,1,1,1,1,1,1,1,1,1,1,1,2,1,1,1,1,1,1,1,1,1,1,2,2,1,1,1,1,1,1,1,1,1,1,2,2,1,1,1,1,2,1,1,1,1,2,2,2,1,1,2,2,2,1,1,2,2,2,2,2,1,1,2,1,2,2,2,2,2,2,2,2,1,1,2,2,2,1,2,2,2,2,2,2,1,2,2,2,2,2,2,2,2,2,1,1,1,1,1,1,2,1,1,1,1,2,1,1,2,1,2,1,2,2,2,2,2,2
110,07-20-2012,8:36:08 PM,0,5,5,0.475,0.475,0.225,0.275,0.025,0.5625,0.275,0.225,0.075,0.475,0.425,0.5625,0.025,0.075,4,1,3,0,0,0,1,1,1,1,1,1,1,1,2,1,1,1,1,1,1,2,1,1,1,1,1,2,1,1,1,1,1,1,1,1,1,1,1,1,1,1,2,2,2,2,1,1,1,2,1,2,1,1,2,2,1,2,1,2,1,2,2,2,1,1,2,2,1,1,1,1,1,1,2,1,1,1,2,1,1,2,2,1,2,2,2,2,1,1,2,2,1,2,1,1,1,2,2,1,1,1,2,2,1,2,2,2,1,1,1,2,1,1,2,2,1,1,2,2,1,2,2,2,1,1,2,2,1,2,2,1,1,2,2,2,1,1,2,2,1,2,2,2,2,2,2,2,1,2,1,1,1,1,1,1,2,1,1,1,1,1,1,1,1,2,2,2,2,2,1,2,2,2
111,07-20-2012,8:36:08 PM,0,2.5,0,0.475,0.5625,0.225,0.325,0.275,0.325,0.225,0.425,0.65,0.425,0.325,0.375,0.425,0.475,1,2,0,0,0,0,1,1,1,1,1,1,2,1,1,1,2,1,1,2,1,1,1,1,1,1,1,1,1,1,1,1,1,1,1,1,2,1,1,1,1,1,2,2,1,1,1,1,2,2,1,1,1,2,2,2,1,1,1,2,2,1,1,1,2,2,2,2,1,1,2,2,2,2,1,2,2,2,2,2,2,2,1,2,2,2,2,2,2,2,2,2,1,2,1,2,2,2,2,2,2,2,2,2,2,2,2,2,2,2,2,2,2,2,2,2,2,2,2,2,1,2,2,2,2,2,2,2,2,2,2,2,2,2,2,2,2,2,2,2,2,2,2,2,2,2,2,2,2,2,1,1,1,1,1,1,1,1,1,1,1,2,1,1,1,2,2,2,2,2,2,2,2,2
112,07-20-2012,8:36:08 PM,0,0,5,0.025,0.175,0.075,0.025,0.075,0.075,0.025,0.025,0.025,0.175,0.025,0.125,0.025,0.025,0,0,0,0,0,0,1,1,1,1,1,1,1,1,1,1,1,1,1,1,1,1,1,1,1,1,1,1,1,1,1,1,1,1,1,1,1,1,1,1,1,1,1,1,1,1,1,1,1,1,1,1,1,1,1,1,1,1,1,1,1,1,1,1,1,1,1,1,1,1,1,1,1,1,1,1,1,1,1,1,1,1,1,1,1,1,1,1,1,1,1,1,1,1,1,1,1,1,1,1,1,1,1,1,1,1,1,1,1,1,1,1,1,1,1,2,1,1,1,1,1,2,1,1,1,1,1,2,1,1,1,1,1,2,1,2,1,1,1,2,2,2,1,1,1,2,1,2,1,1,1,1,1,1,1,1,1,1,1,1,1,1,1,1,1,1,1,1,1,1,1,1,2,1
113,07-20-2012,8:36:10 PM,0,5,2.5,0.025,0.425,0.325,0.225,0.025,0.325,0.475,0.4875,0.325,0.425,0.475,0.475,0.425,0.175,5,4,0,5,0,10,1,1,1,1,1,1,1,1,1,1,1,1,1,1,1,2,1,1,2,1,1,1,1,1,1,1,1,1,1,2,1,1,1,1,1,2,1,1,1,2,2,1,1,1,2,2,1,1,1,2,1,1,2,2,1,2,2,2,2,2,1,2,1,1,2,2,1,2,2,2,2,1,1,1,1,2,2,2,2,2,2,2,2,2,1,2,1,2,2,2,2,2,2,2,2,1,1,2,1,2,2,2,2,2,2,2,2,1,1,2,1,2,2,2,2,2,2,2,2,2,1,2,1,2,2,2,2,2,2,2,2,2,1,2,1,2,2,2,2,2,2,2,2,2,1,1,1,1,1,1,1,1,1,1,1,2,2,1,2,1,2,2,2,2,2,2,2,2
114,07-20-2012,9:49:06 PM,0,2.5,5,0.65,0.55,0.375,0.425,0.65,0.65,0.275,0.55,0.375,0.475,0.325,0.375,0.4875,0.55,1,3,0,0,0,0,1,1,1,1,1,1,1,1,1,1,1,1,2,1,2,2,1,1,1,1,1,1,1,1,2,2,2,2,1,2,1,1,1,1,2,2,2,2,2,2,2,2,1,2,1,1,1,2,2,2,2,1,1,1,1,2,1,2,2,2,2,2,2,2,1,2,2,2,1,1,2,2,2,2,2,2,1,2,2,2,2,2,2,2,2,2,2,2,2,2,1,2,2,2,2,2,2,2,2,2,2,2,2,2,2,2,2,2,2,2,2,2,2,2,2,2,2,2,2,2,2,2,2,2,2,2,2,2,2,2,2,2,2,2,2,2,2,2,2,2,2,2,2,2,1,1,1,1,1,1,1,2,1,1,2,2,2,2,2,2,2,2,2,2,2,2,2,2
115,07-20-2012,9:49:06 PM,0,0,5,0.025,0.025,0.025,0.125,0.075,0.075,0.175,0.075,0.025,0.125,0.075,0.025,0.075,0.075,2,2,0,0,0,10,1,1,1,1,1,1,1,1,1,1,1,1,1,1,1,1,1,1,1,1,1,1,1,1,1,1,1,1,1,1,1,1,1,1,1,1,1,1,1,1,1,1,1,1,1,1,1,1,1,1,1,1,1,1,1,1,1,1,1,1,1,1,1,1,1,1,1,1,1,1,1,1,1,1,1,1,1,1,1,1,1,1,1,1,1,1,1,1,1,1,1,1,1,1,1,1,1,1,1,1,1,1,1,1,1,1,1,1,1,1,1,1,2,1,1,1,1,1,1,1,1,1,1,1,2,1,1,2,1,1,1,1,1,1,2,2,2,2,1,2,2,1,2,2,1,1,1,1,1,1,1,1,1,1,1,1,1,1,1,1,1,1,1,1,1,2,1,2
116,07-20-2012,9:49:07 PM,0,2.5,2.5,0.025,0.025,0.025,0.025,0.125,0.075,0.125,0.075,0.025,0.075,0.175,0.075,0.075,0.075,5,2,0,0,0,0,1,1,1,1,1,1,1,1,1,1,1,1,1,1,1,1,1,1,1,1,1,1,1,1,1,1,1,1,1,1,1,1,1,1,1,1,1,1,1,1,1,1,1,1,1,1,1,1,1,1,1,1,1,1,1,1,1,1,1,1,1,1,1,1,1,1,1,1,1,1,1,1,1,1,1,1,1,1,1,1,1,1,1,1,1,1,1,1,1,1,1,1,1,1,1,1,1,1,1,1,1,1,1,1,1,1,1,1,1,1,1,1,2,1,1,1,2,1,1,1,1,1,2,1,1,1,1,2,2,1,1,1,1,1,2,2,2,2,1,1,1,2,2,2,1,1,1,1,1,1,1,1,1,1,1,1,1,1,1,1,1,1,1,1,1,1,1,1
117,07-20-2012,9:49:08 PM,0,7.5,0,0.175,0.175,0.225,0.175,0.225,0.225,0.275,0.275,0.225,0.475,0.275,0.175,0.275,0.175,0,0,0,0,0,10,1,1,1,1,1,1,1,1,1,1,1,1,1,1,1,1,1,1,1,1,1,1,1,1,1,1,1,1,1,1,1,1,2,1,1,1,1,1,2,2,1,1,1,2,1,2,1,1,1,1,1,1,2,1,1,2,1,1,1,1,1,1,1,1,1,1,1,1,1,1,1,1,1,1,1,1,1,2,1,2,2,2,2,1,1,1,1,1,2,1,1,1,1,1,1,1,1,1,2,2,2,2,2,2,2,1,2,2,2,2,2,2,2,2,2,2,2,2,2,1,2,2,2,2,2,2,2,2,2,2,2,2,2,2,2,2,2,2,2,2,2,2,2,2,1,1,1,1,1,1,1,1,1,1,1,1,1,1,1,1,2,1,2,2,2,2,2,2
118,07-20-2012,9:49:09 PM,0,5,5,0.225,0.325,0.225,0.225,0.025,0.125,0.225,0.225,0.225,0.025,0.175,0.225,0.225,0.225,4,0,0,0,0,10,1,1,1,1,1,1,1,1,1,1,1,1,1,1,1,1,1,1,1,1,1,1,1,1,1,1,1,1,1,1,1,1,1,1,1,1,1,1,1,1,1,1,1,1,1,1,1,1,1,1,1,1,1,1,1,1,1,1,1,1,1,1,1,1,1,1,1,1,1,1,1,1,1,2,1,1,1,1,1,1,1,1,1,1,1,2,1,1,1,1,1,1,1,1,1,1,2,2,1,1,2,2,2,1,1,2,2,2,2,1,1,1,2,2,2,1,2,2,2,2,2,2,1,2,2,2,2,1,2,2,2,2,1,2,1,2,2,2,2,1,2,2,2,2,1,1,1,1,1,1,1,1,1,1,1,1,1,1,1,1,2,2,2,2,2,2,2,2
119,07-20-2012,9:49:16 PM,0,2.5,0,0.475,0.65,0.475,0.55,0.025,0.325,0.475,0.55,0.65,0.125,0.275,0.425,0.55,0.55,5,1,0,0,0,0,1,1,1,1,1,1,1,1,1,1,1,1,1,2,1,1,1,1,2,1,1,1,1,1,1,2,1,1,1,2,2,1,1,1,2,2,2,2,1,1,2,2,2,1,1,1,2,2,2,2,1,1,2,2,2,1,1,2,2,2,2,2,1,1,2,2,2,1,1,2,2,2,2,2,1,2,2,2,2,1,1,2,2,2,2,2,1,2,2,2,2,1,2,2,2,2,2,2,1,2,2,2,2,1,2,2,2,2,2,2,1,2,2,2,2,1,2,2,2,2,2,2,1,2,2,2,2,2,2,2,2,2,2,2,1,2,2,2,2,2,2,2,2,2,1,1,1,1,1,2,2,2,2,2,2,2,2,2,2,2,2,2,2,2,2,2,2,2